,index,Id,0,Location,User Time Zone,index,TMZ Location
0,0,AL85S14OMDPF01I9,,,Sydney,0,Australia
1,5,0FEKBQ59AF1LQKJP,,,Eastern Time (US & Canada),1,
2,9,5JIAFD6132MNPAL9,,,Beijing,2,China
3,14,PS3NFITO4RQGQL9R,,,,3,
4,17,DPL84B2Q7C7CPM5O,,,West Central Africa,4,Central Africa
5,19,ORQMDHLH6NS0G0M0,,,London,5,UK
6,21,L4MD8S7I854CCA79,,,Eastern Time (US & Canada),6,
7,26,7379R4EBF9P956HN,,,Central Time (US & Canada),7,USA
8,30,9RC1RTSBR3AJSFBN,,,Tokyo,8,Japan
9,32,FLCS4PR3B5592578,,Ê¨°ÂÖÉ„ÅÆÁã≠Èñì,Seoul,9,South Korea
10,41,6TI9B2OAS2A04S0Q,,,Pacific Time (US & Canada),10,
11,45,QDIFS77N82S04C34,,,Pacific Time (US & Canada),11,
12,56,DT6250ORM1DCIP66,,,Greenland,12,Greenland
13,72,47F3BAJDBMJDQS53,,,Mountain Time (US & Canada),13,USA
14,73,2DE3IQG14BA0MDAD,,,Central Time (US & Canada),14,USA
15,75,F3897S7G88BTS462,,,Central Time (US & Canada),15,USA
16,77,TM8RE7STJ8RFJ30C,,,,16,
17,78,JTBRP70BD5ASAHNA,,,Pacific Time (US & Canada),17,
18,80,4BDSL0P0337096G9,,,Hong Kong,18,Hong Kong
19,84,L3SE27BJ5DJBC4L7,,,New Delhi,19,India
20,89,S0LK0TOT5NGMDB14,,,London,20,UK
21,95,NLA452GBKSD0AEO5,,680+ properties. 54 countries,Central Time (US & Canada),21,USA
22,99,PHTS8MA14R1MBOC4,,,Quito,22,Ecuador
23,102,DLIK1R2C4HF6T2KR,,,Pacific Time (US & Canada),23,
24,110,5JP03NNMQGMJ9GNS,,,Eastern Time (US & Canada),24,
25,111,0656LC7K9D5CM3LA,,,Pacific Time (US & Canada),25,
26,115,DNIFD127FDL9EATB,,,Osaka,26,Japan
27,119,7H722724059T49AJ,,,,27,
28,126,I9HJOF4S0GPJ3LBK,,,,28,
29,128,LJN4MPKMROPGKMQN,,,Hawaii,29,USA
30,134,9RBEKM9AQ76GOAS7,,,Eastern Time (US & Canada),30,
31,138,S3724PKOE4E6PK2F,,,Pacific Time (US & Canada),31,
32,142,C6KNFM0H2I941LT5,,,Eastern Time (US & Canada),32,
33,146,535O56FPNH49BG56,,0172,New Delhi,33,India
34,163,E8406A4K06LHS87H,,,Seoul,34,South Korea
35,166,TDB5L9TKC6N4BF8L,,,Eastern Time (US & Canada),35,
36,170,1DDOJNHPEHG0EORI,,,,36,
37,171,3TITAO1D8K4DO9R6,,,Atlantic Time (Canada),37,USA
38,175,DDLMLKQP0LNDFCLS,,,Athens,38,Greece
39,177,NFLOP2OL14ADMPIT,,,Alaska,39,USA
40,181,PGDHM8GINNR3P32F,,,Pacific Time (US & Canada),40,
41,184,SA677F5AGMT4BDLP,,"New York, New York",Pacific Time (US & Canada),41,
42,187,797GMRG8ACICB6CP,,,Pacific Time (US & Canada),42,
43,188,MT1RS33K562NIOFA,,,Alaska,43,USA
44,190,4GGPDCJLPK4CQR09,,,Dublin,44,Ireland
45,198,TKQOFJ65MS3MEGI5,,,,45,
46,199,GO3CODOSIPFCJ9KS,,#ACL2018,Kuala Lumpur,46,Malaysia
47,201,1IS0BJJJMNE2RQ6I,,,Pacific Time (US & Canada),47,
48,204,LF8LSHOPO9BT22FA,,,Eastern Time (US & Canada),48,
49,205,3OAKRB39TLKL5Q06,,,Pacific Time (US & Canada),49,
50,207,O40NCQR008O1I2E2,,,Eastern Time (US & Canada),50,
51,212,F06I1G5AD2K0BNPM,,,,51,
52,223,JT65BRBGF3SRIRP8,,,Central Time (US & Canada),52,USA
53,225,T2OESD2E0NKI538G,,,,53,
54,226,SQDMH776MI2N5450,,,Paris,54,France
55,230,65T8FMP1HF419FAQ,,,Jakarta,55,Indonesia
56,237,CHISL157SR3OFN39,,,Santiago,56,Chile
57,243,9R9M8PESPCBAO78A,,,West Central Africa,57,Central Africa
58,245,477H0F0KRN9C5IE2,,,London,58,UK
59,246,L530CGQJBD7EJBGN,,,Greenland,59,Greenland
60,247,G0NKNGC871NKIMRB,,,,60,
61,248,EPL3S7K5GDNL0K67,,,Baghdad,61,Iraq
62,254,1RQTCFRMGJ252F19,,,Eastern Time (US & Canada),62,
63,263,K7ACRGJBNOHTPL82,,,Pacific Time (US & Canada),63,
64,272,NK6BB7IHMSRHQICP,,,Brasilia,64,Brazil
65,274,HLL1A8SF2A29C01I,,,Pacific Time (US & Canada),65,
66,275,Q7C7MJGGHP5RJJAT,,,Pacific Time (US & Canada),66,
67,276,7IAL277ES72F6KQG,,,International Date Line West,67,International Date Line
68,280,HRS2I1KLNA89QE9F,,,Jakarta,68,Indonesia
69,294,5JBORHD4R4T12935,,,Hawaii,69,USA
70,297,06P4767D84TADDK7,,,,70,
71,298,Q9GOGK6TC7O3H4H2,,,,71,
72,303,NQ25KE97MGTR2HN0,,,Pacific Time (US & Canada),72,
73,305,ADATBFTLD26NGH1O,,,Urumqi,73,China
74,306,CCG5R623T1LRMAT5,,,Seoul,74,South Korea
75,311,13FSSP0Q35JG2B7E,,,Istanbul,75,Turkey
76,314,7C2PPOR37DLH4DB3,,,Caracas,76,Venezuela
77,316,1K56FII77HB8MK84,,,Pacific Time (US & Canada),77,
78,317,BGBMEAQPKAHG6FNH,,,London,78,UK
79,320,2BFMC2848TIE1KGI,,,Paris,79,France
80,330,CAKPI2755MLE50PM,,,,80,
81,332,6NMEPD2C0COTA2E1,,,,81,
82,341,TI5SDREGK43AHNMP,,,Warsaw,82,Poland
83,343,89IFR7Q1PEFM852S,,,Athens,83,Greece
84,344,2EOAI94QKS2QBRBK,,,,84,
85,345,LNG3TRRT60L118C0,,#weareacmilan,,85,
86,350,S1ND3IB334RPS005,,,Singapore,86,Singapore
87,364,JI6GGOK8ARBSAO8E,,,,87,
88,368,PQFH777KD7GCE068,,,Santiago,88,Chile
89,371,6DTQRNR3SLMSLL18,,,Brasilia,89,Brazil
90,374,30TBQN25QRLT75SL,,,London,90,UK
91,386,F6675C1G8TN3F7N8,,Atlanta to La,Quito,91,Ecuador
92,397,4H2OFFIKHIIBSG3O,,,Madrid,92,Spain
93,401,6RK55NKK7T7GIIOB,,,London,93,UK
94,408,GNF4K8BMN4P7FBLO,,,Central Time (US & Canada),94,USA
95,412,JN9BDCEMGL8SL41A,,,Eastern Time (US & Canada),95,
96,416,H2FCDEB4AH4K148P,,,Mountain Time (US & Canada),96,USA
97,417,THNM8A1Q4KIK30M0,,,Hawaii,97,USA
98,418,HE0G4MDS3PA84SIT,,,Kuwait,98,Kuwait
99,419,TEK4CS3NH454D8FK,,,Riga,99,Latvia
100,428,LFDE7BH17Q058F9K,,,Buenos Aires,100,Argentina
101,432,EB8FDPHHMPCB4PG9,,,,101,
102,433,67Q4H6I23P834HI4,,,Eastern Time (US & Canada),102,
103,434,6228QELISI711CG6,,,,103,
104,436,KNEF5CI0E87FBMC5,,,London,104,UK
105,451,A482GS0GJQ62RNMM,,,Quito,105,Ecuador
106,455,5Q191BTRAM8AFBAA,,,,106,
107,457,A86S6GAS1GM9F10C,,Á¨¨17Ê•µÊù±Â∏ùÈÉΩÁÆ°ÁêÜÂå∫/„Éï„É≠„É≥„ÉÜ„Ç£„Ç¢S,Tokyo,107,Japan
108,459,MCPDFMK489JS0GML,,,Alaska,108,USA
109,461,26M90QJDFSD8ECA8,,,Vienna,109,Austria
110,470,K9QFHS5F7LIF68E3,,,Pacific Time (US & Canada),110,
111,474,KJQ99T2B61FP1DO2,,,Eastern Time (US & Canada),111,
112,481,9NG3GIB3JK561TLB,,,London,112,UK
113,483,2LAP4IDE23L0TLS5,,,London,113,UK
114,488,KQHN9578R7AT73DA,,,Central Time (US & Canada),114,USA
115,507,S1EM9MGSQB34P990,,,Istanbul,115,Turkey
116,520,DOI6R46PLSES20TE,,,Amsterdam,116,Netherlands
117,526,JJ6OEGL52M52F8NF,,,Pacific Time (US & Canada),117,
118,528,I3PKREGT1L05BK13,,Mars: Gusev Crater & Meridiani,Pacific Time (US & Canada),118,
119,530,K73PJ13T6824D49O,,,,119,
120,535,6FGJ4JJ052FSMGHJ,,Right here!!,Pacific Time (US & Canada),120,
121,536,AOK29RBFJE7SI6I2,,,Jakarta,121,Indonesia
122,539,POTK4LLGM9A49SS3,,,Ljubljana,122,Slovenia
123,547,2R0F8578BDJMN44K,,,,123,
124,551,5ARJC3RD27J73P59,,,Pretoria,124,South Africa
125,560,PR99TQL34JPSD7I6,,,Tokyo,125,Japan
126,562,B4LC2P5HJ52AOKK8,,,Jakarta,126,Indonesia
127,563,935TQJ1TDL8O0G4O,,,Pacific Time (US & Canada),127,
128,576,SS73NIFO9D3SLOMQ,,,Pacific Time (US & Canada),128,
129,578,AA0HDFP9DJ7MF9MH,,,Irkutsk,129,Russia
130,581,0CM735KGQARTSBEK,,,Budapest,130,Hungary
131,587,MO45IJGTQ19111FM,,,Tokyo,131,Japan
132,593,SDJOPAT0B85T9NF0,,,,132,
133,595,J3S42P58GINB06B6,,,,133,
134,600,58NFM8I21HK3QRTR,,,Seoul,134,South Korea
135,602,RJ2FOOPB5OBJ89SJ,,,Singapore,135,Singapore
136,611,1TEI05JQEL7GFB96,,,,136,
137,623,TGOJTEKRMQ1PIC21,,,America/Mexico_City,137,Mexico
138,629,L8HRMJFGTL33GRAB,,,Rome,138,Italy
139,637,25MKKP305HJ7DJLD,,,Mumbai,139,India
140,658,421PKKLKDH1SSILJ,,,London,140,UK
141,664,RJLTS4PHAD6GFRT4,,Di bumi INDONESIA tercinta,Bangkok,141,Thailand
142,670,ON9LKGL1KKOT50M3,,,Seoul,142,South Korea
143,672,KCD4HAA7K9CLOPSC,,,Quito,143,Ecuador
144,675,E361SMTJJTMB7PET,,,Pacific Time (US & Canada),144,
145,681,J7SGB7MCF9EQ8RRN,,,Central Time (US & Canada),145,USA
146,683,9DP8QPCLA90H0BIL,,,Mumbai,146,India
147,691,257C53LG46GR9TJF,,,London,147,UK
148,693,6R6OEQ7NKB195JTK,,,Pacific Time (US & Canada),148,
149,694,4TKC7QI5MNSL0KL7,,,Eastern Time (US & Canada),149,
150,704,82ATECL02QJLBRGN,,,Abu Dhabi,150,Abu Dhabi - United Arab Emirates
151,706,HM6IP5FJI18J2F0A,,,Lisbon,151,Portugal
152,709,K6SQAR5TGC1OORLK,,,Brasilia,152,Brazil
153,715,TFNTRE3KLO1OT5HG,,,Abu Dhabi,153,Abu Dhabi - United Arab Emirates
154,727,HRDBGLFHE77S8KNP,,,,154,
155,734,S2ECD5O435QMTR72,,,Eastern Time (US & Canada),155,
156,736,IK94KEJF4GS418NH,,,Pacific Time (US & Canada),156,
157,740,C1CK8QE1ML23C6SD,,Instagram: Allybrooke,Pacific Time (US & Canada),157,
158,745,O9RJ4OBPGBJ36CQA,,,Amsterdam,158,Netherlands
159,750,55FKMDNFDD44S7N7,,,Madrid,159,Spain
160,753,0LQG7IINSOM9561N,,,Central Time (US & Canada),160,USA
161,757,8C9SE1R2L139BSFQ,,Lawrence‚ù§Ô∏èKansas,Central Time (US & Canada),161,USA
162,767,35N28R1LH7R6II1O,,,Madrid,162,Spain
163,772,8CDEOJT557RRDC59,,,Yerevan,163,Armenia
164,773,G65DH9GICQJ0PN30,,,London,164,UK
165,780,71NK6JLAR2NB4DO9,,,Paris,165,France
166,785,QK4L4CRR3QT76B16,,,,166,
167,788,G473DP8HKEPJL9JK,,,Pacific Time (US & Canada),167,
168,791,GGGQ4MHHA9G931C8,,probably on a plane,Eastern Time (US & Canada),168,
169,796,ADQJ94AIP3F1BTBB,,,,169,
170,800,LJO1THOOFB38H9OC,,,,170,
171,802,S8NJQDH178GASNPO,,,London,171,UK
172,810,KB4EKLK04LEIS5FR,,,Eastern Time (US & Canada),172,
173,823,20HM141JMR216J85,,,Greenland,173,Greenland
174,827,6SQD4JDK86JDJBFL,,Chasing my daughter,Pacific Time (US & Canada),174,
175,831,0K725S7K50DCSDBP,,,Pacific Time (US & Canada),175,
176,836,HECB1EBK5DNFAO57,,,Sofia,176,Bulgaria
177,838,C91GTNN7K5OOALM6,,,Pacific Time (US & Canada),177,
178,839,ISOM9GAIN9JHQDFG,,,Pacific Time (US & Canada),178,
179,842,B2JEI669OMEE72H6,,LosScandalous,Pacific Time (US & Canada),179,
180,844,B7I9JHEGK4I3O285,,,London,180,UK
181,845,E4M8MR96GK8L3TPA,,,Brasilia,181,Brazil
182,850,ASTQ6DN2F7QKCE6Q,,,Baghdad,182,Iraq
183,852,L81P5R8D7T4TOOL5,,#DarknessAndLightTour,Eastern Time (US & Canada),183,
184,854,478IBB35OS51L08Q,,,Santiago,184,Chile
185,862,HIASA0F7HM1SCRDJ,,,,185,
186,863,3D1DIFLHJK8O0B72,,,Central Time (US & Canada),186,USA
187,866,281LDHH945CIPQNG,,,Tokyo,187,Japan
188,870,HB8NP44P45QJB7QO,,,Madrid,188,Spain
189,878,E66JI9PI3TLNL9P2,,,Eastern Time (US & Canada),189,
190,882,3T2H259MJIH0Q2T3,,,Eastern Time (US & Canada),190,
191,890,1RJ57RRLLI1AH20B,,,Amsterdam,191,Netherlands
192,891,F6HDLQ01AECC4113,,,Rome,192,Italy
193,904,7OI213PBAJMHSOIH,,,Kuwait,193,Kuwait
194,905,IN0434E5MJEP2HEH,,,London,194,UK
195,911,J077PF4OFGHMQLCT,,,Amsterdam,195,Netherlands
196,915,E58EBM7C2O26L6N4,,,Jakarta,196,Indonesia
197,918,2QTRCKEE8PC03K2S,,,Riyadh,197,Saudi Arabia
198,920,CQQOK48Q8LQQSPON,,,,198,
199,921,IB97K6D68RIN4TSD,,,Jakarta,199,Indonesia
200,937,PT6EQ90ASBM4CDNO,,,Istanbul,200,Turkey
201,938,FRPA1CC75GNQBRLI,,,New Caledonia,201,New Caledonia
202,940,B78DPMR562IBDS70,,,Central Time (US & Canada),202,USA
203,948,CGQ5NBD9JK102AG1,,,Eastern Time (US & Canada),203,
204,952,NBT2579O7DG5ILKK,,,,204,
205,953,0HGLOSME85E1C1JS,,,,205,
206,956,5QKFL04D2PSN7BR7,,,Eastern Time (US & Canada),206,
207,962,I3E5M7I2F6PM99KG,,,Hawaii,207,USA
208,964,4OB91R9027S0RTLI,,,Amsterdam,208,Netherlands
209,965,EB5I2E62H2JB74FQ,,Snap: saudiemployment,Kuwait,209,Kuwait
210,970,JFBBS4CBHSE7CIO7,,,Central Time (US & Canada),210,USA
211,972,1TK1Q6HH9HL43MP8,,,Pacific Time (US & Canada),211,
212,974,SM6JO57FSGHLKOKA,,,Berlin,212,Germany
213,975,JPPJS98ER6464B95,,everywhere like such as,Pacific Time (US & Canada),213,
214,976,03MB78J7437GKQCF,,,Singapore,214,Singapore
215,985,F5JRC675BJF6PTPK,,877-KARS4KIDS üé∂,Eastern Time (US & Canada),215,
216,986,MMIINACGMA5D6ECT,,,Kuala Lumpur,216,Malaysia
217,992,PEBI210SJGHM9EDA,,,,217,
218,993,73FG6BLNELPHGE6C,,,Pacific Time (US & Canada),218,
219,995,O7B23BM93HHACKIG,,,Abu Dhabi,219,Abu Dhabi - United Arab Emirates
220,1000,44POHKE53I2NJTPQ,,,Tokyo,220,Japan
221,1001,OGACN9002E4JERT8,,,Kuala Lumpur,221,Malaysia
222,1013,097R8FKO03QFE6N5,,,Hawaii,222,USA
223,1021,FFMTDT8E77TPP2ST,,,London,223,UK
224,1029,43BIN3N4HTTJGETO,,,Istanbul,224,Turkey
225,1030,CSGG5IEJB7D8BJB7,,,Pacific Time (US & Canada),225,
226,1034,8KKDTMRTK5SESKEQ,,,Brasilia,226,Brazil
227,1035,K1MHMN090ON9LNSO,,,Hanoi,227,Vietnam
228,1037,1SN4QJRG6QQFE853,,,Hawaii,228,USA
229,1039,97C7J722IOIE8L46,,,Rome,229,Italy
230,1046,LLIR8MJO0NG8JLM6,,Studio 13 RCTI,Jakarta,230,Indonesia
231,1049,28GO43SM34EQ94HF,,,Brasilia,231,Brazil
232,1052,2CAQQMS80C6FJNEI,,,Pacific Time (US & Canada),232,
233,1054,N1S1RJEA8I8KMI3N,,,Alaska,233,USA
234,1057,FK2AMIQG22QGI05P,,,Istanbul,234,Turkey
235,1062,AMDST09TMG9R571E,,,Eastern Time (US & Canada),235,
236,1064,K22FP800Q1SF8HC5,,,Hawaii,236,USA
237,1067,9E79MM32EC510RA4,,,Madrid,237,Spain
238,1068,IEG1K4J1LRB7G5S1,,,Hawaii,238,USA
239,1069,2GLRRQ2RRNOMF4EB,,,Vienna,239,Austria
240,1072,10JOAR38JTPATIKB,,,Santiago,240,Chile
241,1074,A923DCFFDMBRK6GB,,,Pacific Time (US & Canada),241,
242,1075,P2F6FDKD2DNON498,,,,242,
243,1076,P6SR8P667R4KL42B,,,London,243,UK
244,1077,355TAB3MGOP7KIM1,,,Alaska,244,USA
245,1085,0QQ71H21FI1D6TS9,,,Brasilia,245,Brazil
246,1088,S11BMMC94RBGDBMM,,,Eastern Time (US & Canada),246,
247,1092,D0INRPK3RABDG7RN,,IG: @raisyyahrania.official,Kuala Lumpur,247,Malaysia
248,1094,LTE1C4SOD4A6LT4J,,,Santiago,248,Chile
249,1096,NKD432713G8P0KTM,,,Pacific Time (US & Canada),249,
250,1101,BRNDHEOC8PA9ADRC,,,,250,
251,1103,MONCDAJL653R7TP2,,,Riyadh,251,Saudi Arabia
252,1104,LOJBJP110MHE4R4R,,,Central Time (US & Canada),252,USA
253,1107,3P2MG7RH8Q5H0FON,,,Eastern Time (US & Canada),253,
254,1111,1MB09Q1G2HHI3DH8,,,Pacific Time (US & Canada),254,
255,1113,M6M3JLNPH64MTK73,,,Berlin,255,Germany
256,1115,0B68FAH2LS11PO30,,,Muscat,256,Oman
257,1116,97MAMP61F8H13BOA,,,,257,
258,1124,K9BCIFJ0ODB1K8PP,,,Buenos Aires,258,Argentina
259,1127,9P38G80NSFA7KDK6,,Instagram : alhanyan,Riyadh,259,Saudi Arabia
260,1133,FRFN6G3NS5O5960I,,,Brasilia,260,Brazil
261,1140,1106CD836QHOIFNH,,,Paris,261,France
262,1145,ORGQT227MGMEDD69,,contactlsouthern@gmail.com,Arizona,262,USA
263,1158,TFKDQRAMO376QOGG,,,Greenland,263,Greenland
264,1162,JE5NTMNG9MFEINDT,,,Arizona,264,USA
265,1164,PDN5E2MI78SDTGEL,,,Mexico City,265,Mexico
266,1167,0SDKO336DGPTF38Q,,,,266,
267,1172,EC50SKIA6QR2RKF2,,,Madrid,267,Spain
268,1186,5TQ6R0DI9G63RH1D,,,Dublin,268,Ireland
269,1193,E6TJ2BJ3TJIGDKRA,,,,269,
270,1211,T086KG3H0FASOES7,,,,270,
271,1213,SQCQT7IS3BJ0FBLC,,,Eastern Time (US & Canada),271,
272,1214,9139OJ7OC8P4M3S0,,,Hong Kong,272,Hong Kong
273,1215,54I3T65022LA316T,,,,273,
274,1220,0RO09FHHRB2RRAJL,,Wherever I hang my hat is home,Eastern Time (US & Canada),274,
275,1229,3ED23S63THSAE70N,,,Caracas,275,Venezuela
276,1232,OESNG9EIC82OCA98,,,Hawaii,276,USA
277,1234,813GKLDTM0SE506C,,,Quito,277,Ecuador
278,1236,J2STS6TRNGHIP9SD,,,Pacific Time (US & Canada),278,
279,1241,JIHPQQBQF1JKE7H1,,,Pacific Time (US & Canada),279,
280,1244,IJI31P4EDEONMH4Q,,,Quito,280,Ecuador
281,1246,ABOI0L2CCEM2GPQ8,,Vault-Tec Industries HQ,Central Time (US & Canada),281,USA
282,1252,P6LIS4PCEB23R6LO,,Citizen of the World Dahhhling,Eastern Time (US & Canada),282,
283,1253,M1OEAD7A6FT7HKEI,,#ACL2018,,283,
284,1255,LORRI8QL6BP5SHDR,,,,284,
285,1265,QGHTALS7CT69ARAF,,,Eastern Time (US & Canada),285,
286,1268,N05JJOMDM3GAL5MB,,,Pacific Time (US & Canada),286,
287,1269,ESLRC50PFBLT5J1K,,,Eastern Time (US & Canada),287,
288,1270,22BQC4C5CJ27D3DM,,,Bangkok,288,Thailand
289,1275,NPM8Q7ERN92OFHGD,,,Jakarta,289,Indonesia
290,1278,5KFMFL4FS00FKG79,,,Mumbai,290,India
291,1281,J9OS1QO0RF3HO4MO,,,Atlantic Time (Canada),291,USA
292,1284,C33P5IQ1PANJCNM6,,Everywhere Love IS,Pacific Time (US & Canada),292,
293,1287,O274E55PMNJBLSHT,,,Central Time (US & Canada),293,USA
294,1288,9G3E1OFAJ517A8H3,,,Istanbul,294,Turkey
295,1290,2310EPEDSBLL3RG1,,,Jerusalem,295,Israel
296,1292,N7TJ82G19BK9C3JO,,,,296,
297,1294,RF862KK137DOFQ2F,,,Copenhagen,297,Denmark
298,1296,BOJTD20NE5IPSBFP,,,Chennai,298,India
299,1314,M5F2GIED2I4RCLMF,,across the country,Central Time (US & Canada),299,USA
300,1316,54HAI0EHE9R5CD8D,,**We Own No Videos Posted** ,Pacific Time (US & Canada),300,
301,1325,RG4MQF6EKLLQ736E,,microsatira@gmail.com,Rome,301,Italy
302,1342,9F5OI3FJM0CA2NSI,,,Paris,302,France
303,1343,T4F2ISNIE6J0G46K,,,Pacific Time (US & Canada),303,
304,1346,83FJ11N3755EBJ9B,,,,304,
305,1348,NRAI8830LHOK4P19,,,,305,
306,1352,MMS2FBOTOQJLCBFS,,,Rome,306,Italy
307,1357,TRRIMSQS99K7KERS,,,Greenland,307,Greenland
308,1361,L41321JDQJ628L6A,,,Pacific Time (US & Canada),308,
309,1364,JHD7PIT245D54F03,,,Atlantic Time (Canada),309,USA
310,1373,9DMFR8RMT4C8DK1O,,Wuz up Vitch?,Alaska,310,USA
311,1375,GJII77BGNIFPTIPN,,New Orleans to Nashville,Central Time (US & Canada),311,USA
312,1378,D7LCEDQJKF0MMIBK,,,Eastern Time (US & Canada),312,
313,1396,LP8QID9OFTDPP4LM,,,Eastern Time (US & Canada),313,
314,1398,SEH1HN2I1MR5N32N,,,Central Time (US & Canada),314,USA
315,1403,RO7NHSBIL5O27DSN,,,Pacific Time (US & Canada),315,
316,1407,3486S5S0O58R4SHK,,,Buenos Aires,316,Argentina
317,1408,32DGJD4F69EGPJ7O,,Watch my newest video,,317,
318,1413,BM26MGF1N2R304M2,,,Atlantic Time (Canada),318,USA
319,1424,0NCQREQGJ8041DQD,,1-800-JETBLUE,Eastern Time (US & Canada),319,
320,1435,R8PE154BNF49IQNH,,,Eastern Time (US & Canada),320,
321,1445,AKNHHIDSG716SOT4,,,Eastern Time (US & Canada),321,
322,1446,QANHEBCK2PQG4EI9,,,London,322,UK
323,1452,CH1FDBJOPREQC0HB,,,Dublin,323,Ireland
324,1454,EL0OKRDIF11ORI0M,,,Beijing,324,China
325,1458,2IO964KLTNL5S4ET,,,Pacific Time (US & Canada),325,
326,1460,7D9L7JH1BEB8BIBL,,,Pacific Time (US & Canada),326,
327,1463,14J2ALJ78KO6IM8B,,Tennessee & Louisiana,Central Time (US & Canada),327,USA
328,1467,5P1ND185F9OC476N,,,Central Time (US & Canada),328,USA
329,1469,RSMPOQ60I49E3A6M,,Brian@socialstartnow.com,Pacific Time (US & Canada),329,
330,1471,DKJQE8I4RQ7SSL22,,,Pacific Time (US & Canada),330,
331,1476,4TJHRH4JH9KL2CC4,,,Pacific Time (US & Canada),331,
332,1490,9O0S27D3HNA7B66F,,,,332,
333,1493,MHO9BQI41PSBA18N,,,Baku,333,Azerbaijan
334,1499,ATKCKLSAC6CJGOBE,,,Kuala Lumpur,334,Malaysia
335,1502,3BTP3AMKAKNEMJKB,,Los Angeles to London,Amsterdam,335,Netherlands
336,1506,7Q4N6LKEM6I1BLRS,,,Hawaii,336,USA
337,1509,HSTAAIOA3M3KNS4R,,,Eastern Time (US & Canada),337,
338,1514,K9L9AT8SE4DFJ2IP,,,Tokyo,338,Japan
339,1516,FO3D9RR1NIB2NG9E,,,Tokyo,339,Japan
340,1519,9CSSKR0LD49JG2BK,,,Baghdad,340,Iraq
341,1521,AB3M960HJIC7TQT8,,,Pacific Time (US & Canada),341,
342,1526,SDLIH5E399FGHLFN,,,Pacific Time (US & Canada),342,
343,1531,GS5SJB3CHK89GCO8,,Instagram.com/Salman_alfraj13,Baghdad,343,Iraq
344,1535,J7RJ65JJRNDGJ6F5,,,Pacific/Auckland,344,USA
345,1538,0EKFS0DETR9LP698,,,,345,
346,1562,66FGJSS546QO24Q8,,,Central Time (US & Canada),346,USA
347,1563,A5E6FN456IBL49GQ,,,Arizona,347,USA
348,1567,35IBCJHOQJRR3J12,,,Amsterdam,348,Netherlands
349,1568,PNO594BAR0IF59KS,,,Eastern Time (US & Canada),349,
350,1570,9LL8T90IH4EPJBQ0,,,Arizona,350,USA
351,1571,SQ5F8ANCJRPK806H,,,Central Time (US & Canada),351,USA
352,1578,PAA45BAFLQ1ILDOE,,,Pacific Time (US & Canada),352,
353,1583,K18JSDE051CLC93G,,,Brasilia,353,Brazil
354,1584,FLGR70BKPTHF9RPK,,,Quito,354,Ecuador
355,1585,KIOM0Q5PJS0PAT4S,,,Pacific Time (US & Canada),355,
356,1586,4LDKHG3GO4DQ90M3,,,Atlantic Time (Canada),356,USA
357,1587,RPTNBIS4H6D91JNG,,,Eastern Time (US & Canada),357,
358,1588,H65PFK612J5S66D8,,,Pacific Time (US & Canada),358,
359,1593,M46L506CJOJ39TOB,,Instagram @secupp,Eastern Time (US & Canada),359,
360,1598,J8IO2OQTLHTE2K21,,,Quito,360,Ecuador
361,1603,OCED1T8EFGJCTKRD,,,Brasilia,361,Brazil
362,1604,O00GS9H5RL7Q1AAD,,,Central Time (US & Canada),362,USA
363,1609,8CK23IBIAT98B7BQ,,,London,363,UK
364,1610,PB6KJ02JI8SR1839,,,Pacific Time (US & Canada),364,
365,1614,7JLT5ICSD80TMNRB,,http://almoslim.net/naser,Baghdad,365,Iraq
366,1615,SAGSFH90P559J0GM,,,Jakarta,366,Indonesia
367,1616,7QTDFEKEGJNQKDPM,,,Pacific Time (US & Canada),367,
368,1637,9GO3C0H59MIFDOJQ,,,Central Time (US & Canada),368,USA
369,1640,4OHMQD6NNT80JCFB,,MoDe ..(La VIDA) sin photoshop,Central Time (US & Canada),369,USA
370,1650,2ISQPH55NRT75QH9,,,Central Time (US & Canada),370,USA
371,1659,68091MQEIK0B5GF3,,,,371,
372,1662,SD32T28GOD28DK9S,,,,372,
373,1663,MISOCLFLR048DA7K,,,Brasilia,373,Brazil
374,1665,AIFJC8H44GRD8M8I,,,Baghdad,374,Iraq
375,1670,RISM43G07GADS5HS,,,Bogota,375,Colombia
376,1688,2S17CKMLO4QLC0AC,,Kyoto Album Out Now!!,Central Time (US & Canada),376,USA
377,1690,2J8DFGS7IPQJ0RIL,,,Istanbul,377,Turkey
378,1697,JDLP6LNO15SQKFO6,,,London,378,UK
379,1699,JNMRGS46MJFQP2SF,,,Eastern Time (US & Canada),379,
380,1701,1009604E48G3FCDI,,,Amsterdam,380,Netherlands
381,1702,MGDAA11A02M8BLPM,,,Eastern Time (US & Canada),381,
382,1712,CBDQKFEQSSL8A3S1,,,Pacific Time (US & Canada),382,
383,1726,B9OP0LS42NPT85M0,,,Eastern Time (US & Canada),383,
384,1730,5SDEPL0PMJRNDM3G,,,Pacific Time (US & Canada),384,
385,1733,J0A8CS6QT8I6Q72K,,,Greenland,385,Greenland
386,1736,I24P409PN1HDDG2F,,,Tokyo,386,Japan
387,1750,C4QIPH7RR2SMRTHJ,,,Tokyo,387,Japan
388,1759,Q8L90K1CMBHDK0I3,,,Pacific Time (US & Canada),388,
389,1761,H908AOI6SP8M8P22,,,Muscat,389,Oman
390,1763,K8SHRS0G9L3QIDPR,,,London,390,UK
391,1766,EQS5IMFO6B7AFGDR,,,,391,
392,1769,OFB8HFHF68LIEGIE,,,Pacific Time (US & Canada),392,
393,1772,M6611S1NB4O16F6Q,,,New Delhi,393,India
394,1773,E1C3EJTKF6HM5KGQ,,,Greenland,394,Greenland
395,1775,MJICPSCISCG3B161,,,Pacific Time (US & Canada),395,
396,1780,Q71QAHMQL4196JQT,,,,396,
397,1782,7IKKIIOIJ36C005E,,,Moscow,397,Russia
398,1792,OMLLH2MEE7OOFAES,,#ACL2018,Pacific Time (US & Canada),398,
399,1793,AO6MFHHKOTNGBG1R,,,,399,
400,1798,JHM09JF9SLCTJD8A,,Instagram: itsmeleighton,Quito,400,Ecuador
401,1804,4I69IPH6ST1QMINJ,,,Pacific Time (US & Canada),401,
402,1806,OLIEQPKHGELPOTJJ,,,,402,
403,1811,E28EMAT0294D0GF3,,,Paris,403,France
404,1819,LAO9KQR9S537DOPN,,,,404,
405,1824,TDG3GQ7QPFC57DT1,,,Tokyo,405,Japan
406,1833,8O5PRE3D2G6AC7NS,,,Paris,406,France
407,1835,H8D535P877CLJHFP,,IG + Snap: VH1,Eastern Time (US & Canada),407,
408,1839,12FQ4IGM6280P2N6,,,Pacific Time (US & Canada),408,
409,1840,MFL66TBJBQOFHDID,,,Pacific Time (US & Canada),409,
410,1843,D4CIH12K5JT4TBT0,,,Santiago,410,Chile
411,1848,SHJFROCJGO27CTGF,,,,411,
412,1855,LNM53SN7MRN07M12,,,Pacific Time (US & Canada),412,
413,1857,SMB150LOJALLEH1M,,,Brasilia,413,Brazil
414,1861,B42GN1DBC5D93KSA,,,Eastern Time (US & Canada),414,
415,1869,GI9ALPSP2IO2QEO1,,,Eastern Time (US & Canada),415,
416,1870,CHHSCRE8E5NBGTFK,,,Cairo,416,Egypt
417,1871,CHJ62G7CIMRESO80,,,Central Time (US & Canada),417,USA
418,1878,BGEQK4O7E6P1F0J7,,,Tokyo,418,Japan
419,1881,DS5BQQRCE3MC3538,,,Casablanca,419,Morocco
420,1902,G6CFHGG0R0LCERP7,,,Tokyo,420,Japan
421,1903,AI7EKOBGIHR9LL45,,,Quito,421,Ecuador
422,1908,IA5TJTOJEGT001CT,,,Eastern Time (US & Canada),422,
423,1914,AM6ASNK80F1702QS,,,Brasilia,423,Brazil
424,1919,A45EJ8O2LP9L5F92,,,Hawaii,424,USA
425,1932,1EKFT3SLSAIIA2KE,,,Pacific Time (US & Canada),425,
426,1935,A5CK3ML55FAQJGOA,,,,426,
427,1941,SFFSMC5E05SLK56K,,,London,427,UK
428,1948,KE9LI43215QGC1PP,,,,428,
429,1950,RC2KR5PT7JD7ETPC,,,Pacific Time (US & Canada),429,
430,1957,F2R0OPLG3DS8I1PC,,,Paris,430,France
431,1961,5A1PA55BRRCAN005,,,Amsterdam,431,Netherlands
432,1966,FIHH9CRKK2EF1EFJ,,,,432,
433,1968,S4BD8JSQ0K4C2GBE,,,,433,
434,1972,DTT4E511DJLLL7M6,,The Zone,Pacific Time (US & Canada),434,
435,1975,OOBK463LSOM9R4Q0,,,Pacific Time (US & Canada),435,
436,1976,03NDLEBIJ045CKNL,,Among the stars,Eastern Time (US & Canada),436,
437,1990,MC0MFMHQDR0MN4M9,,,Eastern Time (US & Canada),437,
438,1991,9KRT3QTSLD89E495,,,Baghdad,438,Iraq
439,1993,DJ8OMPNA9318PH6L,,,,439,
440,1995,HB6PDH5BOTER4JD3,,,Eastern Time (US & Canada),440,
441,1998,P36MR0NBMR78DJPP,,,,441,
442,2002,KI435H43O6T4CBP6,,,Mexico City,442,Mexico
443,2005,4PB6Q9T32P343J7J,,‰∏ÄËøÖÁ§æÂÆ£‰ºù„ÅÆËá™‰ΩúËá™Êºî„Å´„Å§„Åçry,Irkutsk,443,Russia
444,2008,6AG57SLF2D54LK7K,,,,444,
445,2009,FBND09DB7CA96LCN,,IP: mineplex.com,Atlantic Time (Canada),445,USA
446,2011,4S3AHO4STS7MNBIR,,Business: FactSoup@gmail.com,Pacific Time (US & Canada),446,
447,2012,OF3T8I8EL1FMEBFH,,@AltaBarNi - Galer√≠as SD,Central America,447,Central America
448,2023,347C95DQ8ONESN6L,,,,448,
449,2027,OA959QF1CJI7R3TI,,,,449,
450,2029,2I5BOJHKTPCS2G0T,,,Paris,450,France
451,2032,R8O35P9RTHS0K5SA,,,Eastern Time (US & Canada),451,
452,2037,I40G26A2T14ROAEC,,"On Windows PC, Mac, Linux",,452,
453,2039,MCANBBSB1QBTGB31,,,Eastern Time (US & Canada),453,
454,2048,LLDNBKLI5DGKCFES,,Mooshka Village,Pacific Time (US & Canada),454,
455,2054,245A0TAJ8DIM8NN4,,"Global with bases in NZ, SG, US, UK, AU and JP.",Wellington,455,New Zealand
456,2056,QQ3GS6RETJL95OK3,,We are everywhere...,America/New_York,456,USA
457,2059,TS4DPPC5DB94AM5S,,,Seoul,457,South Korea
458,2068,3TQJ4OC224TNE6AC,,En todas partes..,Hawaii,458,USA
459,2081,5M9SLMDSHDH3MMJI,,,Pacific Time (US & Canada),459,
460,2082,KRDRICDMNMAM24TN,,,Central Time (US & Canada),460,USA
461,2088,PD74GINIP5JACA8J,,,Athens,461,Greece
462,2089,AT5QT884GLFN9N16,,,Central Time (US & Canada),462,USA
463,2095,I019HG2F85P2J112,,,Pacific Time (US & Canada),463,
464,2096,BG11F5LF1M16MIPD,,,Eastern Time (US & Canada),464,
465,2097,N0N5O2JRPFOO6OF9,,,Central Time (US & Canada),465,USA
466,2100,2DM68EAK9PDDQ27D,,,Pacific Time (US & Canada),466,
467,2104,495GE4814277RKGB,,,Quito,467,Ecuador
468,2108,QSOEMCEHGSJ6FB8M,,,Pacific Time (US & Canada),468,
469,2113,FK1D6QAG4CFST177,,,Hawaii,469,USA
470,2123,8OI3HM1AIEASGDS9,,,London,470,UK
471,2129,2IPP5GOMCCPP88HS,,,Bogota,471,Colombia
472,2131,8L4O7KBHIHQS7O47,,,Athens,472,Greece
473,2134,F33GSPCNHGBC933S,,,,473,
474,2138,9Q3BR82GGL262IMF,,,Istanbul,474,Turkey
475,2146,BD1E6I6O78QA43BJ,,IG: @sneakerpimps,Pacific Time (US & Canada),475,
476,2147,T3IHRGRM724LQT3M,,,Jakarta,476,Indonesia
477,2150,7OT4AEM9PN83FQRH,,,Quito,477,Ecuador
478,2152,Q5LR6JNB17H0GEF8,,,,478,
479,2154,G2S0I02JSPMJPS52,,,Tokyo,479,Japan
480,2155,5TQ36PDFHFJAK5TT,,,Istanbul,480,Turkey
481,2174,3805NM38LID4P3HN,,,Berlin,481,Germany
482,2183,PD579TAEJJQMO8DK,,,Riyadh,482,Saudi Arabia
483,2188,H8BF472RA4AJE5MT,,,Central Time (US & Canada),483,USA
484,2190,Q4DO0LIAMGF1BEIJ,,,,484,
485,2196,PE73QLF85E74FTQ2,,,Madrid,485,Spain
486,2201,31JODGD2RN002KJC,,India/London,Chennai,486,India
487,2202,K50C0IG5HE94PM4R,,,Pacific Time (US & Canada),487,
488,2210,OR2D7RI56FLEDT73,,,,488,
489,2215,9OT5062HK84PG4N3,,,Baghdad,489,Iraq
490,2217,3PCF64O2340TE4SG,,,,490,
491,2219,03F4DFM31FBS5H9A,,,Santiago,491,Chile
492,2221,D0C324M6D44PAI4J,,,Pacific Time (US & Canada),492,
493,2223,CP2MMI8AF3N0A6EB,,,Pacific Time (US & Canada),493,
494,2224,LSQH18F6ANBTMCEB,,"nyc, la, jfk, lga, the road",Eastern Time (US & Canada),494,
495,2227,S5M74RRTMALMAN84,,,Abu Dhabi,495,Abu Dhabi - United Arab Emirates
496,2233,5M0F7D68HT2M09IQ,,#AsianCup2019,,496,
497,2241,GDFNFBDKBF7IN1KO,,,Mexico City,497,Mexico
498,2246,6S39SLAG5467CJPI,,,Madrid,498,Spain
499,2247,QL2568ABC8503NML,,,Mountain Time (US & Canada),499,USA
500,2252,8KG63CT01243I35D,,,,500,
501,2254,AEMJH6Q463LJO5RJ,,,,501,
502,2257,QFRM1CMMCN8JMHR4,,,Athens,502,Greece
503,2258,MHT211CI12ET52RK,,,Pacific Time (US & Canada),503,
504,2260,63JT2T5PLPG23MPN,,,Central Time (US & Canada),504,USA
505,2265,GTE7E8SH51GF3NQS,,,,505,
506,2274,HMA2BLOPE7RHR48P,,,Pacific Time (US & Canada),506,
507,2277,6C8K1BJP6OIQ8NRA,,,London,507,UK
508,2281,Q7O7PRGOT1EJ9TNH,,,Pacific Time (US & Canada),508,
509,2284,Q4B7BAE6GM802FRS,,,Pacific Time (US & Canada),509,
510,2297,5H52G6ICA40KB0DC,,,Pacific Time (US & Canada),510,
511,2298,3238ILQLEH3LEMIT,,,Seoul,511,South Korea
512,2308,2SPHP1FKQKA5K2FK,,,Central Time (US & Canada),512,USA
513,2311,4SHTSF9F1I0D4RKK,,Inside Twitter of Viy 3D movie,Moscow,513,Russia
514,2312,LH572DH6RJRSEOGB,,,Greenland,514,Greenland
515,2314,MS4IQQOTH0B6P9EM,,,Adelaide,515,Australia
516,2317,78DRPFQTTN2QD88F,,,Mumbai,516,India
517,2318,BP6COCP1185NNK4K,,www.fittox.fit,Mumbai,517,India
518,2319,ST7BM2MTFRCPM8MS,,,,518,
519,2325,J1S8DP9RHNJH8BPJ,,,Eastern Time (US & Canada),519,
520,2331,P44K8FT5DRFQH8CJ,,,London,520,UK
521,2335,LT9Q0JC0KI5JNRPD,,,Pacific Time (US & Canada),521,
522,2336,DG78NE4ETG7090C0,,It all depends on the day...,Central Time (US & Canada),522,USA
523,2339,0KRG62I4ERLT0JG8,,,Eastern Time (US & Canada),523,
524,2342,OFAFH0MJ1PE1NO9F,,,Central Time (US & Canada),524,USA
525,2343,74ODA3D44IBNAOB2,,ÂÖ¨ÂºèHP,Seoul,525,South Korea
526,2344,ENO59B97T93QNKO6,,,Pacific Time (US & Canada),526,
527,2354,GGHLDBGPANIAMJHP,,,Istanbul,527,Turkey
528,2361,8056PH26O3PKPKDL,,,Eastern Time (US & Canada),528,
529,2363,02DKD4H6STQ167NF,,,Greenland,529,Greenland
530,2370,EO87DDFKQK3819SK,,,Buenos Aires,530,Argentina
531,2376,G870BI48E0RQPAAS,,,Jakarta,531,Indonesia
532,2378,00HI43OHBISMIPP4,,,Seoul,532,South Korea
533,2386,8FTQ6ABSCR3KO19E,,,Pacific Time (US & Canada),533,
534,2388,LP5B494RTKR4JIDN,,,Tokyo,534,Japan
535,2390,Q083EQGGAFR37JLQ,,,Alaska,535,USA
536,2394,2BC7FOE9QPTKG0NB,,,Quito,536,Ecuador
537,2398,B036E5LGF2I8F7ET,,,Santiago,537,Chile
538,2401,02FC8PN44FB6MN3H,,,London,538,UK
539,2405,9RC9917KL6EHCTEJ,,,Pacific Time (US & Canada),539,
540,2410,QKLCPD44IJ22BRED,,,Athens,540,Greece
541,2413,J3FFHMCA9JLLH08D,,,Santiago,541,Chile
542,2417,TDMIBC5MMP9NDIJD,,,Ljubljana,542,Slovenia
543,2421,2FI76IOQECR8I4NO,,,Buenos Aires,543,Argentina
544,2427,LQ0PD2H1KAQ1GKEE,,,Greenland,544,Greenland
545,2435,19C3K25G312RIS3I,,,Eastern Time (US & Canada),545,
546,2436,TN3DJ92C6F4B0RHK,,,London,546,UK
547,2444,H0EREASQJ2MSB341,,,London,547,UK
548,2450,2LKK1PKTSDL0BDEB,,,Central Time (US & Canada),548,USA
549,2459,5AOO0C74700T8KJI,,,Pacific Time (US & Canada),549,
550,2468,NREL4NS4CHO96EJN,,Www.Lopyreva.com,Greenland,550,Greenland
551,2469,R6P8NH1SQCBAORLN,,,Mexico City,551,Mexico
552,2470,IJOP5CJAN0DIB8NK,,,Eastern Time (US & Canada),552,
553,2473,7G31M74TE5BQJLQO,,,Pacific Time (US & Canada),553,
554,2483,O4HARCTD3G9HKGJG,,,Istanbul,554,Turkey
555,2486,05INNGDGMCRA4M17,,,Bogota,555,Colombia
556,2492,LL240RFPCHKK7KKD,,,London,556,UK
557,2497,1FFK1GCJEFHC7RRB,,,Eastern Time (US & Canada),557,
558,2502,DI3JB0BT4QTI1947,,,Tokyo,558,Japan
559,2504,0M2S9F8QNLNAAJCE,,,Eastern Time (US & Canada),559,
560,2506,3AGC9ROE4N9JI405,,hello@lamlandigital.com.ng,Dublin,560,Ireland
561,2508,ISIJP8FPL5G7I98N,,,Baku,561,Azerbaijan
562,2511,KJTPJE3I9MPNDS3N,,,Jakarta,562,Indonesia
563,2516,H1TKQCM7A2QM9TKQ,,,Casablanca,563,Morocco
564,2520,RADEHK0GFT81G77K,,,Eastern Time (US & Canada),564,
565,2524,OIRQ2HSIC1O6BNGQ,,,Pacific Time (US & Canada),565,
566,2535,AM36NF2O6D5EEMR0,,,,566,
567,2536,ONM7EF5GB2EJ0PP9,,ÿ¨ÿßÿ¶ÿ≤ÿ© ÿßŸÑÿ¥ŸäÿÆ ÿ≤ÿßŸäÿØ ŸÑŸÑŸÉÿ™ÿßÿ®,Abu Dhabi,567,Abu Dhabi - United Arab Emirates
568,2537,3QEP2NIAB3DJ1746,,,Eastern Time (US & Canada),568,
569,2545,R9E64RC37ICA8JDO,,,Central Time (US & Canada),569,USA
570,2548,7KP05N0THMSSFG7D,,,,570,
571,2551,GT1IQJMLK9GGKQRK,,,Pacific Time (US & Canada),571,
572,2556,29QIRE491KKPDEES,,,Caracas,572,Venezuela
573,2561,S9T6EIM9FGDO12FR,,,,573,
574,2562,OSH4CA3NS9H2G13L,,,Madrid,574,Spain
575,2570,2EM3EF9BOQ5TKRG8,,,Central Time (US & Canada),575,USA
576,2572,LB4RJQN2EG8C0RB2,,,Amsterdam,576,Netherlands
577,2575,HTB52INPII9MAS00,,,Central Time (US & Canada),577,USA
578,2591,J09ARBCR63QCHAQD,,,,578,
579,2594,9EGS1AI8HHR7SR9P,,,Eastern Time (US & Canada),579,
580,2598,POQPHG1POS8M59KD,,GDH559,,580,
581,2601,EIGE10AFMH46GS3E,,,Istanbul,581,Turkey
582,2610,990IKAS3GTF6KN1S,,,Lima,582,Peru
583,2617,I3FPE3K46HMQRKSN,,,Eastern Time (US & Canada),583,
584,2619,0O6E215ALKMFR1E2,,,Atlantic Time (Canada),584,USA
585,2620,Q8TD8DFSKMPHD1FB,,,Santiago,585,Chile
586,2626,BQ1THQMJDTFP6S71,,,,586,
587,2627,1BJD1LN0OM6G3L2K,,,Brasilia,587,Brazil
588,2637,A8SO3A1B7D1HRPO5,,,Pacific Time (US & Canada),588,
589,2638,IPSJNALIFHO79ICP,,,Pacific Time (US & Canada),589,
590,2643,N8K3LOLAGGNQIOPG,,7 Stops Across the U.S.,Pacific Time (US & Canada),590,
591,2646,JN4L1LG8T34MKO83,,,,591,
592,2648,55RQT9F85OQS6S64,,,Santiago,592,Chile
593,2649,0CDO6T8S7DHL10TE,,..,,593,
594,2650,DKE7KSHN5HKN7MKJ,,,,594,
595,2655,TOSMNP5SE6174G60,,,Eastern Time (US & Canada),595,
596,2662,KGJSM3EKBTIGGI0J,,,London,596,UK
597,2666,KO6ASTF4LOL266E0,,,London,597,UK
598,2667,0MKH2TNKJ6CAL8BT,,,Cairo,598,Egypt
599,2669,T51HRT9BR03D2CJF,,,Eastern Time (US & Canada),599,
600,2674,SB87G1G51JL28IM2,,,Pacific Time (US & Canada),600,
601,2680,1BP7L1DMFE8LH6N2,,,,601,
602,2688,03L01JTDNLOA5I6M,,,,602,
603,2692,8R0JQ8K11KAPM93A,,IG: great_swim,London,603,UK
604,2713,QDNFKO6J8I0OK349,,,Istanbul,604,Turkey
605,2714,6RKHPCM535J2D2O2,,,Pacific Time (US & Canada),605,
606,2716,0NJKJ24TBCJIJ72I,,,Bogota,606,Colombia
607,2718,OBG4GE73F43597SG,,,,607,
608,2720,GPL3RGS7G71BF7TP,,Áµ∂Ë≥õÁ®ºÂÉç‰∏≠ÔºÅ,Irkutsk,608,Russia
609,2724,I3ANRRR9HKF0F4II,,,Quito,609,Ecuador
610,2725,QLT3M5ELSN8OSSRF,,,Buenos Aires,610,Argentina
611,2727,6I4I9BMKRS5HDDPK,,,Rome,611,Italy
612,2734,5AO442KLJ58EICRO,,800-575-2287,Quito,612,Ecuador
613,2735,OBFRP0E22ATBLAR0,,Download us today:,Pacific Time (US & Canada),613,
614,2737,N07KTHACAQ4BC591,,The Island Of Misfit Toys/ UK,London,614,UK
615,2738,5S40NQ90RIOT6864,,,London,615,UK
616,2739,5SL3SQ33GSQQRM0D,,,Pacific Time (US & Canada),616,
617,2743,JAN47H1GSO36GCB4,,Over 500 Destinations,Eastern Time (US & Canada),617,
618,2748,HNH45JR5MJL9D7FO,,,Paris,618,France
619,2759,7238IF2QBTLNII7N,,,Caracas,619,Venezuela
620,2763,ANLGP23S72PJGCDP,,,,620,
621,2767,P2SIGJFM7NGTS3EA,,,,621,
622,2772,QBNO0796JKQ8J75R,,"today here, tomorrow there",Mexico City,622,Mexico
623,2775,CIM400TQ5H45RMHO,,,London,623,UK
624,2776,HLAP7NBI1K21C8Q0,,,Eastern Time (US & Canada),624,
625,2778,0KH4END581C8IHA1,,,Eastern Time (US & Canada),625,
626,2786,NE10DJQ8MNMT6FG8,,,Eastern Time (US & Canada),626,
627,2788,OE4SE16T595ASDQP,,,Pacific Time (US & Canada),627,
628,2789,0PTFNNJ59KNCKQDS,,,Pacific Time (US & Canada),628,
629,2792,7CK097B6NCE9E99J,,,,629,
630,2800,5FJ1DLJB570DPSD9,,,Paris,630,France
631,2803,N3NFN7H6PS5GM0KF,,,Quito,631,Ecuador
632,2812,17702B9NTHILNRQR,,,Eastern Time (US & Canada),632,
633,2814,95NGQK6ED9M6NO9A,,,,633,
634,2819,RQ09951ATS9T1DEG,,,Eastern Time (US & Canada),634,
635,2821,K1H7RREL1AA15O2H,,,Eastern Time (US & Canada),635,
636,2824,MI9E65PO9950E8CH,,,Hawaii,636,USA
637,2826,76TQQJRGK0ECP9CQ,,nikhil.wagle23@gmail.com,Mumbai,637,India
638,2827,0ACFCC46R0ERCK1Q,,,,638,
639,2828,8OBLCIAN3HNC0O53,,,Hanoi,639,Vietnam
640,2829,Q55PNCAATA5PNSO8,,,Istanbul,640,Turkey
641,2830,Q8JCMJTE2O19MD5T,,,,641,
642,2842,HE0E5J83RKG4CT6R,,,,642,
643,2845,AEOLGDEOPGFADA8M,,,Bogota,643,Colombia
644,2852,6N6MGHAKI4MSJ5B5,,,Buenos Aires,644,Argentina
645,2860,Q7C7NSS3IBDDJCLG,,,Pacific Time (US & Canada),645,
646,2862,9RQBL027HETQC47H,,,Mumbai,646,India
647,2872,EN12714M7KQJ9KDP,,¬°REB√âLATE!   T√ö eres el Cambio,Caracas,647,Venezuela
648,2883,62PMAOECOO6BT74O,,,Mountain Time (US & Canada),648,USA
649,2900,21Q61EB4E8C7GKJI,,,Central Time (US & Canada),649,USA
650,2902,1PLKOKLGM2AKBI0L,,,Tokyo,650,Japan
651,2906,1HKAGNPC27QDCTQP,,Email: info@dollarboyz.com,Eastern Time (US & Canada),651,
652,2911,AIF39E57L3RRTAA8,,facebook.com/SRKUniverse,Mumbai,652,India
653,2913,L5IIESMEB0SJQIP7,,,,653,
654,2914,D1QODH9BP6LEK0BJ,,,Arizona,654,USA
655,2919,PLN36ARL7JTB8PD7,,@ZaskiADORE 's heart ‚ù§Ô∏è,Jakarta,655,Indonesia
656,2920,7T5G0BSGP0N0H46G,,,,656,
657,2921,CQ3FKRP6TIO0CLJP,,,Pacific Time (US & Canada),657,
658,2929,G5KATPE7RGMMMAO0,,,Seoul,658,South Korea
659,2931,3F9HKDO7DQFGLAS7,,My Bikini Body EBook üëáüèº,Pacific Time (US & Canada),659,
660,2933,6NIHDC6DJHG67K8D,,,London,660,UK
661,2934,P2HK9FPT4P6042TB,,,Eastern Time (US & Canada),661,
662,2937,7GC9NP7N1MGACLGS,,,Eastern Time (US & Canada),662,
663,2941,C8R64K3JH5LCG3JA,,,Pacific Time (US & Canada),663,
664,2951,GLQLAID623FLP7FM,,,Rome,664,Italy
665,2958,1RGTMGP0CQ49D90C,,,Santiago,665,Chile
666,2959,H668MEH0I183KARJ,,,Pacific Time (US & Canada),666,
667,2961,AFP405E4P8587HC8,,North East England,London,667,UK
668,2962,NS2B9CR0SAKG36F0,,"North East, England",London,668,UK
669,2965,K21AQN97TSKLA9IL,,,Central Time (US & Canada),669,USA
670,2969,QS9RDOLN1LDIG57T,,www.captainmurphy.xxx,Arizona,670,USA
671,2973,HCQ13KN7DHJ6NG84,,,Rome,671,Italy
672,2974,T0T7F1BTHBHG7BCS,,,Amsterdam,672,Netherlands
673,2976,RIIJ48KFH4IOMS36,,,,673,
674,2978,CQN95030A1P7BAIB,,,Pacific Time (US & Canada),674,
675,2981,GDCL1G2O0P727Q2B,,,Seoul,675,South Korea
676,2983,98EKHFP761E62IEC,,,Brasilia,676,Brazil
677,2987,MF44BTA62G8S1956,,,Berlin,677,Germany
678,2990,Q4AIEA309SKENG31,,,Pacific Time (US & Canada),678,
679,2991,5TKQTMF30GGM1R22,,,Eastern Time (US & Canada),679,
680,2993,24G5N4SLPGC93Q89,,,Pacific Time (US & Canada),680,
681,2994,PEPNTPHT0CQBR0C8,,,,681,
682,3007,MBLCDT5BCJ1S9KDD,,,Paris,682,France
683,3010,O4F1BBPDPE8ES9CR,,,Eastern Time (US & Canada),683,
684,3027,S830HKIFNR1SB7TP,,,Rome,684,Italy
685,3035,6JLTRK18390QDQD5,,,Eastern Time (US & Canada),685,
686,3037,H87TKQ831AJ4OFJQ,,,,686,
687,3044,TN6DC8LRJ2660RQT,,,Arizona,687,USA
688,3051,1M7JD27RSHKC5T8D,,,Pacific Time (US & Canada),688,
689,3054,2DLDQQ7OEENK5D1P,,,Rome,689,Italy
690,3055,7LI5ASSBF84AM3M5,,,Quito,690,Ecuador
691,3056,8M6TE3EFTK980G2Q,,,Istanbul,691,Turkey
692,3058,QQ2NHJDDGL1OIM8S,,,Eastern Time (US & Canada),692,
693,3060,CA44JMRCL5IE8JS0,,,Eastern Time (US & Canada),693,
694,3065,KFR2DA5PN3BP5P30,,,Mexico City,694,Mexico
695,3067,6FCCEJFO3F6F191H,,,Alaska,695,USA
696,3072,M2LIF9QO0M07L7FS,,,Mountain Time (US & Canada),696,USA
697,3079,2DI9E40R2R8GR81M,,,Pacific Time (US & Canada),697,
698,3082,PAKI0LADGR8G3O9J,,,Eastern Time (US & Canada),698,
699,3084,B5RH56TT01QEJTHI,,,Madrid,699,Spain
700,3094,3O5Q4KQ72IPON3E8,,,,700,
701,3100,PRF2617JO169JD86,,,London,701,UK
702,3104,NMEH6HF3DFOGP6H7,,London 106.8FM & Worldwide,London,702,UK
703,3108,A7QBTSR7LNCICHGC,,,Hawaii,703,USA
704,3109,S658029MQ7IRAHI2,,,London,704,UK
705,3118,9LEM8L2GLB7BLFNQ,,,Arizona,705,USA
706,3121,RSRP7LQ8LG0J89RH,,,,706,
707,3122,IR45LAKR1LOLSAJA,,,Istanbul,707,Turkey
708,3146,QS087HTFFJR8LNBG,,,Caracas,708,Venezuela
709,3151,4M9G36OJA72N5GRI,,,Baghdad,709,Iraq
710,3152,35DQ47S2R65BS6M4,,,Seoul,710,South Korea
711,3153,GMEHM1TP4ECBBAKE,,,,711,
712,3155,3QAH3SE0JM7II0PH,,,Rome,712,Italy
713,3168,JIQMEE765D8M218D,,,Paris,713,France
714,3169,T54CK1565FE39BTT,,,Pacific Time (US & Canada),714,
715,3170,CN47QFPN2FFON4CM,,,Quito,715,Ecuador
716,3171,C761G2M0D6MRN69K,,The EAGLE NEBULA,Central Time (US & Canada),716,USA
717,3183,R4LC7NSAN63NKJMJ,,,,717,
718,3188,7RM3DN01INRTEH0O,,,Bern,718,Switzerland
719,3194,94DFOI18NFID5NJC,,,Atlantic Time (Canada),719,USA
720,3199,3409SFIJRSGPDKRF,,,Hawaii,720,USA
721,3200,9NE5PEA1HCEMD95J,,#AFCCup2018,Pacific Time (US & Canada),721,
722,3203,CPOB3Q3QN0863ES6,,,Greenland,722,Greenland
723,3208,PDP9664PE8AK65JT,,,Beijing,723,China
724,3210,A3S70NABKF92T7F2,,,Jerusalem,724,Israel
725,3216,1T6M2A8TC80KBEJN,,,Athens,725,Greece
726,3221,0A2O8MC5RIG65CEA,,,Paris,726,France
727,3228,HSOO7KI5O8Q4J41M,,"Hwacheon 38.166458,127.516781",Seoul,727,South Korea
728,3239,9BHSO14P9JSIRL32,,,Amsterdam,728,Netherlands
729,3240,BEJLQ73FP7HO62FH,,facebook.com/SerraSeramik,Athens,729,Greece
730,3241,BMOL7KPS6JIJ00FE,,,Eastern Time (US & Canada),730,
731,3242,466HSMCM8CL7OBHE,,,Pacific Time (US & Canada),731,
732,3247,LFF549E59SBORIKT,,,Pacific Time (US & Canada),732,
733,3253,8Q8HNP9GHTI3F625,,,Pacific Time (US & Canada),733,
734,3256,3TAHMMTA0OMG76AG,,,Pacific Time (US & Canada),734,
735,3260,S6MIL6FN4P90QJ5F,,,London,735,UK
736,3264,FC3RP8AM21A8AITP,,,Eastern Time (US & Canada),736,
737,3272,NDK581ADNN0TR1S1,,,Rome,737,Italy
738,3281,6412RGME5CRGDNTS,,,,738,
739,3285,4OK7BPPS3R48FTTF,,,,739,
740,3289,KPTO82524C47PI3P,,,Brasilia,740,Brazil
741,3291,1D5H110TKF27O00B,,@ChAIRGAMES,,741,
742,3294,MP535EIQKMKLA6B3,,,Bern,742,Switzerland
743,3295,MJ57PS1FIH69PEDP,,,,743,
744,3298,M56PD3906C9SQ8LR,,,New Delhi,744,India
745,3304,9M67LFG1F7JPM0TS,,,Central Time (US & Canada),745,USA
746,3317,T4SFKQ86ED2D87TK,,,Buenos Aires,746,Argentina
747,3320,L1P4GP91SKNE6F6J,,,Eastern Time (US & Canada),747,
748,3325,R7D6OJH6QNF43RNR,,,Arizona,748,USA
749,3326,AMNKPKMRO1KM3MET,,,Pacific Time (US & Canada),749,
750,3328,SOOAOLPJ0J1RC92D,,,Brasilia,750,Brazil
751,3332,31I1JDDSAA1ETKJP,,,Buenos Aires,751,Argentina
752,3336,0O4E04NSGK9BPP6I,,,Paris,752,France
753,3339,MQ6N4G3N5GII9KIH,,,Pacific Time (US & Canada),753,
754,3342,7E8LMPK6QFDT1CGB,,,London,754,UK
755,3345,FMKQJF1GRFH751H5,,,Eastern Time (US & Canada),755,
756,3347,O8IH68RJ30A3QKED,,,Brasilia,756,Brazil
757,3350,SQCL1824AP859KGK,,,Brasilia,757,Brazil
758,3354,FGCTRET5779FE13G,,,Pacific Time (US & Canada),758,
759,3362,OQEBTC2IOI0FRH4S,,,London,759,UK
760,3364,7520AHNJG93L5F4I,,,,760,
761,3366,19M3H3HICQD2QA3S,,,Pacific Time (US & Canada),761,
762,3381,BCCCLDISEOH652G9,,,,762,
763,3387,85P024LSRL5P9BMI,,,Amsterdam,763,Netherlands
764,3389,BP38RP9HGNPK161F,,,,764,
765,3390,6BA3EP2IQFOP3IP3,,,Pacific Time (US & Canada),765,
766,3391,BIIJ91H6F6EI6BCJ,,,Greenland,766,Greenland
767,3392,807TTS69R91GRG4D,,,Mountain Time (US & Canada),767,USA
768,3419,9KSEH3R0BRPLPBTM,,,,768,
769,3420,3QT192AS6HRNG35P,,,Mexico City,769,Mexico
770,3422,0C6GJBP9N1LQ9HFQ,,,Eastern Time (US & Canada),770,
771,3424,J1HFLFD03DFI98H8,,,Rome,771,Italy
772,3429,Q352BHHIBBQG74K2,,,Kuala Lumpur,772,Malaysia
773,3434,DOC7OLOM5M7052KP,,,Greenland,773,Greenland
774,3440,101OP5PGFRF4OA6J,,,Georgetown,774,USA
775,3448,LD43JPTP0MMEI4E7,,,Hawaii,775,USA
776,3454,RT2GP496MI8MRIPQ,,,,776,
777,3460,3R1L6AJG0HPQGFL9,,,Baghdad,777,Iraq
778,3465,MMGQ5PO4ORJPGBME,,,Hanoi,778,Vietnam
779,3470,4SA9O4LANF18HRK3,,,Rome,779,Italy
780,3471,KJL5HCL5C867QJNE,,,Pacific Time (US & Canada),780,
781,3472,GC50SMK9L5C1MID2,,,Mountain Time (US & Canada),781,USA
782,3473,AE3J9RJ2HB6LJHPP,,,,782,
783,3478,2NRQ0F56B9E3ASLJ,,,,783,
784,3486,FGHEJHHTKA9PS6QT,,,Irkutsk,784,Russia
785,3491,J0NDF3ON0LP8I31R,,+ 961 4 444 145,Cairo,785,Egypt
786,3496,LJKL251C68LH18PP,,,Brasilia,786,Brazil
787,3503,JM4BH4E2DP9LDDOF,,,Central Time (US & Canada),787,USA
788,3506,8GQA1FQ6JRCD0DJP,,,London,788,UK
789,3509,CGNOL79PTC8N8AGT,,,Tokyo,789,Japan
790,3510,5RG2HIS2M22K0BOC,,I'll tell you when I land,Pacific Time (US & Canada),790,
791,3514,T5MG08EKHC6E6NAK,,,Pacific Time (US & Canada),791,
792,3517,5D46AI3B3L8RJBT7,,,Hong Kong,792,Hong Kong
793,3524,DD918TKDOBT9GN62,,,Tokyo,793,Japan
794,3525,MKRMIHENPSSCIBIL,,MEXICO CITY ‚Ä¢ MTY‚Ä¢ JUAREZ ,Monterrey,794,Mexico
795,3538,3JE1MFHQ1F1OINL8,,,London,795,UK
796,3543,M92SG0PNJNLMMKNG,,,Eastern Time (US & Canada),796,
797,3546,PPC2OTIOQ0MSBLJH,,,Pacific Time (US & Canada),797,
798,3549,PAPELN801J664KTB,,120 countries,Paris,798,France
799,3551,JP0L7H78HBTRP9EI,,,Eastern Time (US & Canada),799,
800,3554,8SKKBLQGMQB3876O,,,,800,
801,3555,ODHGILJFDLI0NE90,,,Greenland,801,Greenland
802,3557,5Q2GFD9QNKH4EJF0,,,Eastern Time (US & Canada),802,
803,3566,5IIONN2I1JIPBD06,,,Eastern Time (US & Canada),803,
804,3569,8PGJF1AQHI96H7NR,,,London,804,UK
805,3575,5P0EJ22D75FC0Q8A,,,Eastern Time (US & Canada),805,
806,3586,7ORO4DS1OHMNHD5K,,"U.S., Canada, and Puerto Rico",Eastern Time (US & Canada),806,
807,3592,3PDIHDD68JE9PQ7P,,,Eastern Time (US & Canada),807,
808,3594,9GI2DQEP15KDNJA8,,,Pacific Time (US & Canada),808,
809,3596,85HETBPNA5ELOF5H,,,Eastern Time (US & Canada),809,
810,3602,7DD29EG3BB6BDMAJ,,Following behind you :),Eastern Time (US & Canada),810,
811,3604,3ORSDAEAJ1AIG9G6,,,Eastern Time (US & Canada),811,
812,3608,PCTKBI8J0ISGEAN5,,,Arizona,812,USA
813,3613,3G6C93IE5A0BHGKC,,,Central Time (US & Canada),813,USA
814,3614,C401FL2CF5L9IM1B,,,,814,
815,3616,FFQ1R8D38FFJGKHN,,,Amsterdam,815,Netherlands
816,3619,QO4LH4K2KCTLL6L1,,,New Delhi,816,India
817,3624,9HJ72A0G4IK5R6TS,,Interplanetary Space,Bern,817,Switzerland
818,3629,BMHQI607R36JQ9D5,,,Berlin,818,Germany
819,3633,A1D79EI9N8FI9SJO,,,Greenland,819,Greenland
820,3660,KIK6DN586FPJ2AC6,,,Rome,820,Italy
821,3663,4ICKINAS6PAIQ95Q,,,Stockholm,821,Sweden
822,3664,CCSB36D89O7MRT5J,,Delivering your photos,Eastern Time (US & Canada),822,
823,3669,4H22108MHF206HMD,,,Arizona,823,USA
824,3678,HONSCTD0O4JHDRBF,,,London,824,UK
825,3683,GQMQ4ML9C9LGPDHO,,,Hawaii,825,USA
826,3688,NLLMDF4G2NH98SE1,,,Hawaii,826,USA
827,3691,2A8R0E79PLGQTBK8,,,Central Time (US & Canada),827,USA
828,3697,SAHMGEBDG7O593Q8,,,Central Time (US & Canada),828,USA
829,3710,8MA6M0E6RSKNIN33,,,Pacific Time (US & Canada),829,
830,3715,G83MRGS0B52A1NR2,,,Buenos Aires,830,Argentina
831,3723,CHFPO9QISCO0DCK6,,,Pacific Time (US & Canada),831,
832,3726,LIO4F9QKMBL433DK,,,Eastern Time (US & Canada),832,
833,3728,CIIA9AHI9TSQQ347,,,Muscat,833,Oman
834,3731,3S8843J9603GNO95,,,,834,
835,3734,K3JQ6ETAIFJBRJS0,,,Pacific Time (US & Canada),835,
836,3736,85DLPM0258IFG2CO,,,Eastern Time (US & Canada),836,
837,3737,BLBPLAMS6NJ4HRN5,,Back where it all started,Eastern Time (US & Canada),837,
838,3743,D3HEEDGGMLEFTNQO,,,London,838,UK
839,3749,HBNB5289JLMFP15H,,follow our instagram..,Chennai,839,India
840,3754,EQ0R4D32KLDML5R5,,,Pacific Time (US & Canada),840,
841,3756,7TPO1143059S2PMG,,,Pacific Time (US & Canada),841,
842,3758,JTSAH969DMI2995Q,,,Eastern Time (US & Canada),842,
843,3759,E7HNO1JSTI75K6AC,,,Casablanca,843,Morocco
844,3763,5213MPQCF2MA284B,,,Istanbul,844,Turkey
845,3764,E0DEPH5EA4644NMI,,,Eastern Time (US & Canada),845,
846,3769,KAG2QDKSCQ44DLB5,,,Istanbul,846,Turkey
847,3770,GJ7M0EOPSR7HK02J,,,Eastern Time (US & Canada),847,
848,3782,00BSOTN528QOHO7E,,,London,848,UK
849,3786,I75C9QFD1S8QC7MF,,,Rome,849,Italy
850,3787,SE8J86EFJQTB86P7,,,,850,
851,3789,IQ0CC7PSR0FF3KT7,,,,851,
852,3799,C9LM3KE4872QRSI5,,,Central Time (US & Canada),852,USA
853,3800,4KGB6L0S94AJGBOB,,,Eastern Time (US & Canada),853,
854,3801,7QQKPGAQPS2B3J1G,,,Tokyo,854,Japan
855,3807,H4E8S8G84Q9TO4HH,,,Eastern Time (US & Canada),855,
856,3810,DEQGRIG5N3T55LQM,,,Greenland,856,Greenland
857,3817,B3FNHTI7I1B6GI0C,,,,857,
858,3821,48I9BL10ALM8MISN,,,Paris,858,France
859,3827,570SJQ43DSST40KF,,,Eastern Time (US & Canada),859,
860,3831,3T4K3K3507F407TL,,,Amsterdam,860,Netherlands
861,3833,9BDH3I4SIARFS4C8,,,,861,
862,3848,ON1S8CF3HPAMPOAG,,,London,862,UK
863,3862,8CJAG38TKAMCIPEN,,,,863,
864,3871,8S9ADKP6ALTPC8D3,,,Central Time (US & Canada),864,USA
865,3877,3DGBIQ4GAEQJICHS,,,Eastern Time (US & Canada),865,
866,3878,13B5ROFI7TSTD9IH,,,,866,
867,3881,RQDO9QRR1R4TATE8,,,Central Time (US & Canada),867,USA
868,3882,7C9KS14N67LKM03E,,,Atlantic Time (Canada),868,USA
869,3884,J6CQ3LTGIJN6ICK6,,,Pacific Time (US & Canada),869,
870,3885,LNDISM9BNP11B3RE,,,Pacific Time (US & Canada),870,
871,3887,02SI221FBIMCBS06,,,,871,
872,3891,4MHI12M940F408KN,,,Bogota,872,Colombia
873,3892,704HLLD87OD2DFNI,,,Buenos Aires,873,Argentina
874,3896,30K95JGG9M2S6F41,,,Paris,874,France
875,3902,0RCKMF41OK3OF4E1,,,Quito,875,Ecuador
876,3908,DEQDG80766AJDR30,,,Eastern Time (US & Canada),876,
877,3920,H86LRTTIHNFS455G,,,,877,
878,3921,CF233160Q2O1LD1N,,,Tokyo,878,Japan
879,3924,5BPA20NP55ENPI6S,,,Sydney,879,Australia
880,3936,L09NQ0PD20MIK27O,,,Eastern Time (US & Canada),880,
881,3938,GDDLEPJNRF1I6DI9,,,,881,
882,3943,DF61SD1AHQE5OET4,,,Eastern Time (US & Canada),882,
883,3945,FSM2LRHFBD4DQ053,,,Santiago,883,Chile
884,3951,FQDALFC71G3GGK1F,,77-1X3-00,Irkutsk,884,Russia
885,3952,ASO1H2OMDA5HPTKD,,,Pacific Time (US & Canada),885,
886,3953,PKTH46P5QRTJ8BS4,,East from Fenchurch Street,UTC,886,USA
887,3955,L6J3QK5SITIJSQ1T,,,Jakarta,887,Indonesia
888,3961,A06GP35IB0RIKORB,,,Hong Kong,888,Hong Kong
889,3964,BOE9S8GMJHD87CAR,,,Pacific Time (US & Canada),889,
890,3965,J6DCIBHD4MS2R9JE,,facebook.com/omarchaparro,Central Time (US & Canada),890,USA
891,3970,I1I3Q6QI7273HR34,,,Rome,891,Italy
892,3971,IQJTM7LA96GJ17KN,,,Santiago,892,Chile
893,3972,00SEJRHGA9DCLNCB,,,Eastern Time (US & Canada),893,
894,3979,O0RT4PI50K5II2SG,,,Eastern Time (US & Canada),894,
895,3983,TLSFCQ7887SJOCLR,,,,895,
896,3984,3OOG7CGAKFCM0RSQ,,Over 250 events across the UK,London,896,UK
897,3986,L9AA4HM18ATI8SBQ,,,Mumbai,897,India
898,3988,PI5TROPGJA4R068S,,,Quito,898,Ecuador
899,4003,0DC4DQ6OBONNCNFE,,Up the skirt of ecchi waifus,Pacific Time (US & Canada),899,
900,4004,LQHLQ1IDO87LPNA5,,,Eastern Time (US & Canada),900,
901,4007,3CTE9TMHC7QEH08F,,,Pacific Time (US & Canada),901,
902,4008,K04ERN1MS8PC1T5E,,,Pacific Time (US & Canada),902,
903,4022,2908CKN2T0O3INTN,,,Bern,903,Switzerland
904,4028,TCC68RNERE5HSR6D,,,Seoul,904,South Korea
905,4031,O4B9A041QN5P3FNH,,,,905,
906,4033,67CIR4IM30NNSATD,,,,906,
907,4042,GHT508FE53IOKKMO,,Everywhere you are.,Eastern Time (US & Canada),907,
908,4045,P00GHER2D7708NC3,,,Chennai,908,India
909,4046,MALN8L5E947JG86S,,,Pacific Time (US & Canada),909,
910,4055,MJNM67DD2K9JDPSR,,,Mexico City,910,Mexico
911,4072,O334LTT1P0P4J5LC,,,Tokyo,911,Japan
912,4081,BBEB9HH85OM3LPG5,,,Hawaii,912,USA
913,4088,IGS0TB7EA4PAFE2C,,,Eastern Time (US & Canada),913,
914,4089,7PG9DITDK0FQ1Q9Q,,,Tokyo,914,Japan
915,4093,D6LMK94BNA8A6G2O,,,Eastern Time (US & Canada),915,
916,4094,9K4B1HG5QLT6K99K,,,Rome,916,Italy
917,4096,T8BRK4I6ITPNMGFD,,,Amsterdam,917,Netherlands
918,4106,66N7SC461G67GGOF,,"erepublik.com, the New World",Bucharest,918,Romania
919,4107,HMAISRB9Q2CE0LQS,,,Quito,919,Ecuador
920,4108,7PSN20O6SGLKBCJH,,„Çµ„Éâ„É≥Êùë,Hawaii,920,USA
921,4112,K69QPO78KH12EA4A,,,Stockholm,921,Sweden
922,4116,SEKSJT9O2GEEMF1A,,,,922,
923,4118,N88E9MLBMTRRM96C,,,Buenos Aires,923,Argentina
924,4121,1RTBEE374NS17GI4,,,Eastern Time (US & Canada),924,
925,4124,1S538S9AAIDNBTCK,,,Rome,925,Italy
926,4129,TISG91I1LC6DD8D8,,,Paris,926,France
927,4136,1L9FAT8DHAKSL88M,,,Pacific Time (US & Canada),927,
928,4147,CD6C3COMHPM2HEP4,,,Baghdad,928,Iraq
929,4150,JL5JL699AP877HFI,,,Jakarta,929,Indonesia
930,4151,7271BGBA8S3TB8BR,,,London,930,UK
931,4153,HQFO3G9NCI3HD2OH,,,Pacific Time (US & Canada),931,
932,4154,6GJ3NIP0BNLHK0TR,,,Belgrade,932,Serbia
933,4157,IP0CNNAQB56CB6DN,,,,933,
934,4161,NTC4MR0O54ESQ7HL,,,Pacific Time (US & Canada),934,
935,4162,ALP4FJLGGC5QFO4I,,,Hawaii,935,USA
936,4168,FTR49G1O5DM44LGQ,,,Buenos Aires,936,Argentina
937,4173,OI9H5I0JPL8RGMJP,,,Europe/Istanbul,937,Turkey
938,4175,QMOPFAT23K1I82LD,,,,938,
939,4176,NIJ8AC9DDSSAO9K1,,,Rome,939,Italy
940,4186,SIO66HJ0IK9KOSCP,,,Pacific Time (US & Canada),940,
941,4188,9M3IN18CCTK5596Q,,,Quito,941,Ecuador
942,4192,95HN88GI256KO7IK,,,Madrid,942,Spain
943,4198,0NDAKTAO17FR1L26,,,Eastern Time (US & Canada),943,
944,4205,H2K1LNSD9DD818ST,,,Madrid,944,Spain
945,4217,GILS3P9IMONDKP6P,,,Hawaii,945,USA
946,4219,SF9AELC76RD7GIKM,,,Central Time (US & Canada),946,USA
947,4220,8J0L8ND0LNDDEPE5,,info@horoscoponegro.com,Madrid,947,Spain
948,4221,H3O6FR0PM500APCT,,,Paris,948,France
949,4223,GEH11D06ONEQH2F1,,,Moscow,949,Russia
950,4232,191FLC60G3FJDB9S,,,Eastern Time (US & Canada),950,
951,4249,FDL777QH4GG5914B,,,Hawaii,951,USA
952,4254,1S2IE4G8H5EAAT51,,"Everywhere, USA",Central Time (US & Canada),952,USA
953,4266,HPAR23AKR5A8T5C9,,#M√°sRojoQueNunca,Mexico City,953,Mexico
954,4274,QH7RPD7I1HQ5FSGN,,,Pacific Time (US & Canada),954,
955,4283,5PFFBIQILSM8N3TA,,,Mumbai,955,India
956,4290,BADNHIEOF4E739H4,,Right here and now ,Atlantic Time (Canada),956,USA
957,4291,H7RRAMLA3GJNAIIO,,,Central Time (US & Canada),957,USA
958,4299,DERAITC7ASB0PF92,,,,958,
959,4306,MDGF2FPJC2GM8PRI,,,Baghdad,959,Iraq
960,4308,S86Q9DBPPQMD2ITN,,,Warsaw,960,Poland
961,4314,99TABT02QSJ1I1QQ,,"iPhone: 36.165220,-86.507523",Central Time (US & Canada),961,USA
962,4316,5PMOK273K1LKI1H3,,,Pacific Time (US & Canada),962,
963,4317,451LJCNS80ASBQ9F,,,Hawaii,963,USA
964,4321,0M7401REPHR6511B,,,London,964,UK
965,4335,SB5AMOQJM7IJEP7G,,,Madrid,965,Spain
966,4339,D12ROSIOMNACLO16,,,Eastern Time (US & Canada),966,
967,4342,98CMER5RMJ47A17D,,,London,967,UK
968,4343,TTLRSKA0IB6C2T1S,,Coyocan cuidad de mexico ,,968,
969,4345,JES0H35CS7KBKBTD,,IG @ussypratama,Jakarta,969,Indonesia
970,4355,AKS276J2STR0E8CQ,,,,970,
971,4359,OLGBEJ4E80HOBBO5,,,Pacific Time (US & Canada),971,
972,4360,4C0OHIS5SNT212KQ,,,Pacific Time (US & Canada),972,
973,4363,3E7LNE0HLLG157IL,,,Buenos Aires,973,Argentina
974,4368,EO16OH0BQ6H4NKFI,,,Rome,974,Italy
975,4372,1KMB47M11CF3TFCQ,,,,975,
976,4373,KE6E6IIBSRT72JIJ,,,Mexico City,976,Mexico
977,4379,OIMQOMQ9E8IJ8AP2,,,Bogota,977,Colombia
978,4384,97KDB2LTP193O3G0,,,Rome,978,Italy
979,4387,JS6QOL4L83M8EF2A,,,Mumbai,979,India
980,4390,GE9M38P74J48N4A2,,,,980,
981,4393,8I5DFCE7RSBKFPND,,,Pacific Time (US & Canada),981,
982,4394,6P1L9CBJN0QL489R,,,Amsterdam,982,Netherlands
983,4398,N6GJ6M7Q7M7JJ2HD,,,Eastern Time (US & Canada),983,
984,4410,7OB3MHB3007K4N6M,,,Quito,984,Ecuador
985,4415,9SNRBAP3OQ5LEKQR,,,Eastern Time (US & Canada),985,
986,4421,KBFQ0158F2GKM3I4,,,Pacific Time (US & Canada),986,
987,4425,54SDGGRQQLARREP7,,,Brasilia,987,Brazil
988,4426,D4EOT314FL10G28B,,,Istanbul,988,Turkey
989,4428,S1IBNBO75T6IG0S8,,,Greenland,989,Greenland
990,4430,77R69L1M57RJRHAL,,,Central Time (US & Canada),990,USA
991,4432,CBGB2QAQ0GITFNMR,,,Eastern Time (US & Canada),991,
992,4434,TG8606KRKCQ9G8DS,,,Eastern Time (US & Canada),992,
993,4436,OR79J9G8APNB9132,,,Pacific Time (US & Canada),993,
994,4440,E9CE9RKEQ7SI5OC4,,,Istanbul,994,Turkey
995,4441,QNH9A8D8JRPCNRNL,,,Istanbul,995,Turkey
996,4442,8O561KDPM917OKMF,,,Pacific Time (US & Canada),996,
997,4448,JH78HKNPKIN72LKK,,,Alaska,997,USA
998,4451,ON0C6BKKQPBAPL6Q,,,Central Time (US & Canada),998,USA
999,4453,NJC5GDLPHM9O5EME,,,Amsterdam,999,Netherlands
1000,4455,OK1KPHJC7CKR79J6,,,Madrid,1000,Spain
1001,4459,O5NPH4QICGDA127H,,,Baghdad,1001,Iraq
1002,4470,HRBF9IN5O6ESI9OO,,,Paris,1002,France
1003,4476,G20HNLKJNSOFSRR4,,,London,1003,UK
1004,4479,APCNA21OPDBQQSF0,,,Rome,1004,Italy
1005,4492,02GQ1NQPGK9A2QN3,,,Eastern Time (US & Canada),1005,
1006,4507,HTKI58AJD1P5OJ2I,,,Rome,1006,Italy
1007,4518,R6D747P4QNO7CM0D,,,Brasilia,1007,Brazil
1008,4530,1C87NOESDH78F4EB,,,,1008,
1009,4538,QT033MPJH73OTLPN,,,,1009,
1010,4540,DSK2S04TPMGA1E9D,,,Mountain Time (US & Canada),1010,USA
1011,4544,CTKFTAS002DB3JS5,,,Alaska,1011,USA
1012,4547,T051M3TSNKPCB75A,,,Alaska,1012,USA
1013,4552,R7T2DRJ5TIG02GKR,,üöê,Eastern Time (US & Canada),1013,
1014,4555,5SS1AL2J7KKIH15O,,,,1014,
1015,4556,IHQDKK13N060H34N,,,New Delhi,1015,India
1016,4564,L016K3ONSAOAFK3G,,,Bern,1016,Switzerland
1017,4566,JKTHLEHPDBTLA6JF,,pineapple at bottom of sea,Pacific Time (US & Canada),1017,
1018,4568,Q8KLP3O2BR9GC2OH,,,,1018,
1019,4570,PSNR6TCINQF6RT44,,,Pacific Time (US & Canada),1019,
1020,4571,P2PPJCAGO0NAJFDD,,contact:- yepng1@yahoo.com,Hawaii,1020,USA
1021,4574,1QCJ943418P6G08F,,,Tokyo,1021,Japan
1022,4578,0PQA6DSBG32EP2IN,,,Central America,1022,Central America
1023,4588,THLS2S0CG1MRQ0S9,,,Central Time (US & Canada),1023,USA
1024,4590,Q7RQEC6EMDMICI4K,,,Bern,1024,Switzerland
1025,4603,IRL7FE3SDTMTMF1I,,Ÿàÿ¢ÿ™ÿ≥ ÿ¢ÿ®: 00966583429924,Baghdad,1025,Iraq
1026,4605,50PBT5DNGEJ8MGE1,,,Atlantic Time (Canada),1026,USA
1027,4606,664E8J2968PIR4MR,,MutluOlmakƒ∞√ßinK√º√ß√ºk≈ûeyler ,Istanbul,1027,Turkey
1028,4613,5B3ED3HSFILD0JMK,,,Riyadh,1028,Saudi Arabia
1029,4620,QFTT68E18K781H0P,,,Pacific Time (US & Canada),1029,
1030,4621,97FP1DJIK49QKC80,,"Panam√°, Ciudad de Panam√°.",Bogota,1030,Colombia
1031,4623,GGROFA5MIA8NQS04,,,Jakarta,1031,Indonesia
1032,4627,0H7RR1P6718SNHH7,,,Greenland,1032,Greenland
1033,4628,L0444188HNS55LIP,,,Eastern Time (US & Canada),1033,
1034,4631,RKF3OFC39PFE5NTN,,,Buenos Aires,1034,Argentina
1035,4633,TLGMG2TKA2K5M9G3,,Snapchat: Stamosofficial,Pacific Time (US & Canada),1035,
1036,4636,BPMR727SH9QSDIP5,,,Helsinki,1036,Finland
1037,4640,EOG7T995OTLNI5AC,,,Brasilia,1037,Brazil
1038,4658,PCBOB2R3FE27J7EO,,,Ljubljana,1038,Slovenia
1039,4660,CRQ82S2Q87A14MI2,,,Ljubljana,1039,Slovenia
1040,4661,SN5IBLBAN5MTTBRQ,,,Brasilia,1040,Brazil
1041,4668,E3RT5P5876Q34PN7,,,Bogota,1041,Colombia
1042,4677,N2Q1JI7BATP3R6EQ,,,Paris,1042,France
1043,4681,GH58AGGG1NQ62E7G,,hopefully sitting down,London,1043,UK
1044,4683,IFKSLN763EHLBDKT,,,,1044,
1045,4687,569IFNA7DAC3N5MA,,,Alaska,1045,USA
1046,4688,A2PRM16NATSJSH3M,,,Santiago,1046,Chile
1047,4692,6JN935HIG5C4SC41,,,Alaska,1047,USA
1048,4693,E074A2544D4KS4KI,,I like to move around a lot,Pacific Time (US & Canada),1048,
1049,4698,T4EO6J6NJ1KOE99G,,(021)1500128,Jakarta,1049,Indonesia
1050,4699,3QC76EQ9POLHS98L,,,Irkutsk,1050,Russia
1051,4700,JE5BISHJI84P2H7F,,,Quito,1051,Ecuador
1052,4702,GLOA2NKQ10385OCR,,,Brasilia,1052,Brazil
1053,4710,NHOCH87HMP0EPSFT,,,Baghdad,1053,Iraq
1054,4712,LI09NENO1F27OL8N,,,Vienna,1054,Austria
1055,4715,S1IO3C2988OLHAJ1,,http://ask.fm/kiekie03,Pacific Time (US & Canada),1055,
1056,4716,0NM05ENC2LLMI8FK,,,Osaka,1056,Japan
1057,4719,4AQ5MR70AMCMAI78,,,,1057,
1058,4732,C603J1RFOKF2ADAP,,,Eastern Time (US & Canada),1058,
1059,4736,41KPQR8BN53F67C2,,,Hawaii,1059,USA
1060,4738,TL1FBT3KGPL3CMC9,,,Istanbul,1060,Turkey
1061,4744,9MLQNBT5QQ844J1B,,,London,1061,UK
1062,4750,R5AR5MKK066JN7LG,,,Pacific Time (US & Canada),1062,
1063,4754,N05OSB2211MB35DH,,,Karachi,1063,Pakistan
1064,4756,M2Q39SCHGPPIHFMA,,,London,1064,UK
1065,4757,CADB852EECTESKI6,,,Brasilia,1065,Brazil
1066,4763,SFA37O8CH5DS9BOO,,,Brasilia,1066,Brazil
1067,4768,06IISNFE23S7R0TQ,,,Bern,1067,Switzerland
1068,4773,D7FQ632G2IAOCJB1,,,Quito,1068,Ecuador
1069,4778,F5SPLSJAO8MOP4TG,,,Vienna,1069,Austria
1070,4783,FCKRMH04TAND2KP2,,,Alaska,1070,USA
1071,4785,CLT7PD40DF42EOKJ,,,Atlantic Time (Canada),1071,USA
1072,4786,3I0NQ041I70KJLEH,,,Eastern Time (US & Canada),1072,
1073,4787,J7GACP384KBFJLSE,,,Hawaii,1073,USA
1074,4789,6QJTE4T86IQ40PG6,,,Eastern Time (US & Canada),1074,
1075,4790,K15SOP4OL8M55FIJ,,,Greenland,1075,Greenland
1076,4801,GH8AGP9EJHOBBASO,,,Athens,1076,Greece
1077,4806,IL13T00CNH1HQBI1,,,Bogota,1077,Colombia
1078,4811,NTC6DM0CRLTSDGKR,,Instagram @liz_solari ,Buenos Aires,1078,Argentina
1079,4812,4NJERDRL8B3BNP9K,,,Guadalajara,1079,Mexico
1080,4815,0HBL7NO9KASEEIL3,,,,1080,
1081,4821,BOQ9RLOMTMGL7H3Q,,,Eastern Time (US & Canada),1081,
1082,4824,H7F2DRTAL2ODT3LB,,,,1082,
1083,4828,NOLP63LQPTE4BDP7,,,London,1083,UK
1084,4829,7NQH0H8C5N7T2CTD,,,,1084,
1085,4831,FLMKA0GSSTCS4OEK,,,Brasilia,1085,Brazil
1086,4832,J4S7S62N0EOJKK10,,,,1086,
1087,4835,DE0JO020IFR32OAK,,,Madrid,1087,Spain
1088,4842,N041DGRJ1NQDO2PR,,,Copenhagen,1088,Denmark
1089,4847,F26RN4CBJ31SIPT5,,,Eastern Time (US & Canada),1089,
1090,4851,2DGH5R1D2C3AGNP9,,,Mountain Time (US & Canada),1090,USA
1091,4852,56SCEEGS04JBP032,,Mandanga Style,Madrid,1091,Spain
1092,4856,LHC5G72T26520GKF,,,Buenos Aires,1092,Argentina
1093,4858,AT34ABD0D72IJ8R2,,,Eastern Time (US & Canada),1093,
1094,4864,6LIG011QAENOFBL0,,,Istanbul,1094,Turkey
1095,4865,2401100SIM03M542,,,Mexico City,1095,Mexico
1096,4868,EQFAO332GKT0FEF4,,,Eastern Time (US & Canada),1096,
1097,4872,TP4BTQI9ELNF7PO7,,,Copenhagen,1097,Denmark
1098,4881,7296SJ17D0RRF14L,,,Istanbul,1098,Turkey
1099,4887,H92S6OS961FJRMK0,,Everywhere you are,Quito,1099,Ecuador
1100,4888,CGEO5LKOHM6I68R0,,,Eastern Time (US & Canada),1100,
1101,4892,QTH95LB2TCDC64LG,,,,1101,
1102,4901,9B9BDPP4SCKO6T3P,,,Central Time (US & Canada),1102,USA
1103,4902,7N6KBTB5K5MH28FA,,,Pacific Time (US & Canada),1103,
1104,4903,FG64QSKDTT4I85GC,,,Amsterdam,1104,Netherlands
1105,4911,M963Q0AMO62TASRS,,GLOBAL14,Quito,1105,Ecuador
1106,4913,66EITFPHLQ38RF1B,,,London,1106,UK
1107,4914,R1QQDRH4ROPID4JL,,,Eastern Time (US & Canada),1107,
1108,4920,LCGNBLBFL4RH61DC,,,Brasilia,1108,Brazil
1109,4921,1S6QTL2FS36TG7HT,,,Stockholm,1109,Sweden
1110,4926,G2SGG4R6CIETK7KR,,,,1110,
1111,4931,6QI4NKQ27GEMJC3D,,,Central Time (US & Canada),1111,USA
1112,4936,392TFNNCA4F06T9D,,,Eastern Time (US & Canada),1112,
1113,4946,F8E4AI10F80PQFDN,,,Madrid,1113,Spain
1114,4948,FQPLDO947PH3C90C,,,Brasilia,1114,Brazil
1115,4952,NFHK925KKD6127PA,,,Jakarta,1115,Indonesia
1116,4959,JNI4H7FPGTETK46I,,,Madrid,1116,Spain
1117,4968,37B53PPPLH83J3OE,,,Pacific Time (US & Canada),1117,
1118,4970,1IK02KM2AF5MG8F8,,,Central Time (US & Canada),1118,USA
1119,4972,8BB6HNJC7KMJFODQ,,,,1119,
1120,4976,J00HN0P18CG4M51T,,,Hawaii,1120,USA
1121,4980,BDQ4K3P8732JNCCP,,,Caracas,1121,Venezuela
1122,4995,45GTA9H0DQG9A25F,,,New Delhi,1122,India
1123,5003,5LRML08B418JL1LI,,,Pacific Time (US & Canada),1123,
1124,5004,QIAHJJICL2S9IARI,,,Pacific Time (US & Canada),1124,
1125,5005,FSKM7MTT30G5FS7K,,,New Delhi,1125,India
1126,5006,A4K512IQQLQBP4SD,,"Chile, Campe√≥n de Am√©rica",Quito,1126,Ecuador
1127,5012,BKJL0CB83P6EBLM9,,,,1127,
1128,5020,KKKLIHCL0EBIP7I0,,,Caracas,1128,Venezuela
1129,5024,2235ENJ1Q22TN6JB,,,Amsterdam,1129,Netherlands
1130,5025,BI69LDRS2GQ312RN,,www.twitch.tv/kingofnordic,Stockholm,1130,Sweden
1131,5030,8L5EO3Q4L9EN86PI,,,Pacific Time (US & Canada),1131,
1132,5031,39EJ6BASK45HJ4C2,,,Brasilia,1132,Brazil
1133,5037,1MF76BM353CJS113,,,London,1133,UK
1134,5038,BL5SDBC40A93K6GQ,,,Central Time (US & Canada),1134,USA
1135,5045,NSJ4P24MCFRC0IGD,,,,1135,
1136,5046,DHCR86QO0AETNBT5,,,Eastern Time (US & Canada),1136,
1137,5058,Q5SDN1L7EPSHA013,,,,1137,
1138,5060,HD4BMNNHT0RO1C1B,,,Central Time (US & Canada),1138,USA
1139,5072,SB9R21RSTAG393EM,,,Santiago,1139,Chile
1140,5080,689LS1PD0808IDEN,,,Hawaii,1140,USA
1141,5082,QAKPO6OS0TH7RN9O,,,Eastern Time (US & Canada),1141,
1142,5084,TN62K1IAD8EEHKTR,,800-442-2706,Eastern Time (US & Canada),1142,
1143,5085,TP06FL66GQOH4ED4,,,Pacific Time (US & Canada),1143,
1144,5087,1FNOIG4SE2MM8EEF,,,Baghdad,1144,Iraq
1145,5089,QN9AEB4A06NQSOKC,," NY, Albuquerque NM",Eastern Time (US & Canada),1145,
1146,5090,K5GCBOSBOSLAJJLK,,,New Delhi,1146,India
1147,5094,69JGBDTGKIFM0CO0,,,,1147,
1148,5095,ECJ3ESR36IDGJN5E,,,Mexico City,1148,Mexico
1149,5099,1B4DFC94B37LH46I,,,Eastern Time (US & Canada),1149,
1150,5101,GDBI7MCQ2TN4PPSG,,@KontakIndomaret,Jakarta,1150,Indonesia
1151,5103,JQ3DNA8F8CDCL14I,,,Santiago,1151,Chile
1152,5105,M4EI4S95JH57E0HJ,,,Jakarta,1152,Indonesia
1153,5115,3GAFR620A59510TG,,,Pacific Time (US & Canada),1153,
1154,5119,OI8Q7H8FCCI4G21G,,,Pacific Time (US & Canada),1154,
1155,5130,ND2H6EI1M05QJKAJ,,,West Central Africa,1155,Central Africa
1156,5133,4QGSS9F83RAM7026,,,Mountain Time (US & Canada),1156,USA
1157,5136,4PPPATF65EKC3RD5,,,Eastern Time (US & Canada),1157,
1158,5139,T3HIFR55N65TL7RE,,,Alaska,1158,USA
1159,5141,3079REH7DOIRLL89,,,Pacific Time (US & Canada),1159,
1160,5143,N4FGMH505LGI2E59,,,London,1160,UK
1161,5147,D4J81LHEKD62HO6A,,http://www.okanbayulgen.com.tr,Istanbul,1161,Turkey
1162,5149,2FMTIIKIQ7TDF572,,,Nairobi,1162,Kenya
1163,5154,4G7L4O2KLD3R8I0B,,,Paris,1163,France
1164,5155,6M9D5R053N8RSFGI,,,New Delhi,1164,India
1165,5171,CC24ONSGE5J5HHJ6,,,Riyadh,1165,Saudi Arabia
1166,5182,INF7OIKTDQN2040N,,,Tokyo,1166,Japan
1167,5188,MP2D0OKSLH48C488,,"Stilwater, Steelport, Hell",Central Time (US & Canada),1167,USA
1168,5190,PI3ROSKGEIAKF512,,,Santiago,1168,Chile
1169,5198,04415PRBA95GFDTJ,,,London,1169,UK
1170,5201,SJTRA03D06EEO3LI,,,Bangkok,1170,Thailand
1171,5203,21CRLCR34GSSM4FD,,,London,1171,UK
1172,5208,J4SNFCFT7JF5CSHO,,,London,1172,UK
1173,5212,F9B34EH2C7R8BB2O,,,Hawaii,1173,USA
1174,5220,H603AHC2BTT0I54H,,,Brasilia,1174,Brazil
1175,5221,PCKLL3CJOIP8GCI9,,,Brasilia,1175,Brazil
1176,5222,AAHKA5NOJNEGRGSO,,,Eastern Time (US & Canada),1176,
1177,5223,RO2TAP9TTA266GLE,,,Mexico City,1177,Mexico
1178,5224,LN9LOJBHO5I2QDAK,,,Pacific Time (US & Canada),1178,
1179,5229,E52SK2AJ4EBR4PP8,,,London,1179,UK
1180,5231,ARD07PJGH9K9ID8I,,,Pacific Time (US & Canada),1180,
1181,5232,EL430ETSBIH2TRSL,,,Buenos Aires,1181,Argentina
1182,5233,MLHM1KEAPAF2KTQP,,,Central Time (US & Canada),1182,USA
1183,5246,NJN5O7I1P3NERFPM,,,,1183,
1184,5247,I2BO7QE0KEAPK97I,,,Madrid,1184,Spain
1185,5249,E0CLLK0HJMLBI4OQ,,,Amsterdam,1185,Netherlands
1186,5263,O180O0RBC40SLKT2,,,Istanbul,1186,Turkey
1187,5267,7B94DC49TQ07FADF,,,Brasilia,1187,Brazil
1188,5270,6GK7JND558BR6CGS,,,Athens,1188,Greece
1189,5275,MR160M2M4INCO2CQ,,,Chennai,1189,India
1190,5278,PCMRGKK3AHM2C3EF,,,,1190,
1191,5283,I0JF9AMN7D8I4M58,,,Bern,1191,Switzerland
1192,5284,2C5NTE91GO4PDEMT,,,Pacific Time (US & Canada),1192,
1193,5291,GMM1AAJC3B5KTMNJ,,,Dublin,1193,Ireland
1194,5294,24ME41EDC4K5OPSH,,,London,1194,UK
1195,5296,L81N2FK090C0RC63,,,Rome,1195,Italy
1196,5300,K3C4R4CTKMGSA240,,,Eastern Time (US & Canada),1196,
1197,5317,BR0IEQ1214QGKGPF,,,,1197,
1198,5318,BEDA9TKQ9SIOAABL,,SEATTLE2SEOUL,,1198,
1199,5329,7L6LT8DG4T6LD262,,,Mountain Time (US & Canada),1199,USA
1200,5333,MAO91CRN70H2HCR8,,,,1200,
1201,5348,627CJK9RREHR2TDC,,,,1201,
1202,5354,8RL6M0062F6B8T8G,,,Cairo,1202,Egypt
1203,5356,H2DHCD98FMGA0GJN,,,Brasilia,1203,Brazil
1204,5358,O28I16NKK71NGMH9,,,Mumbai,1204,India
1205,5363,RO72LCFDB93PKI1R,,,Pacific Time (US & Canada),1205,
1206,5365,K7JS7IEJ4DQO0HK3,,,Pacific Time (US & Canada),1206,
1207,5372,BSG88CM0IGGEJHS0,,,Pacific Time (US & Canada),1207,
1208,5374,RAPIKFNQ4P71N2HG,,,Amsterdam,1208,Netherlands
1209,5380,IHN62MC0AH1HNQ12,,,Madrid,1209,Spain
1210,5381,249S63O8O2G0SAGH,,,Muscat,1210,Oman
1211,5390,RGCGQABFP0KAAIEB,,,Brasilia,1211,Brazil
1212,5403,MLS22R6TNDB45PE0,,,Pacific Time (US & Canada),1212,
1213,5413,G3IGPAMBHIAPHS2S,,,Madrid,1213,Spain
1214,5414,9G62DK2KC44GF596,,,Riyadh,1214,Saudi Arabia
1215,5417,D3QD2SG4ADMA4N1B,,,,1215,
1216,5419,7SJLI4DNEBQLG1K5,,,Pacific Time (US & Canada),1216,
1217,5423,CK45I724E7SL5PH6,,,Warsaw,1217,Poland
1218,5427,5F3MDOTG50HBN15O,,,Eastern Time (US & Canada),1218,
1219,5429,D07RO06A7CSQ50SN,,,Central Time (US & Canada),1219,USA
1220,5433,3KNAKIQDARJPOQA1,,,Mumbai,1220,India
1221,5434,LSMQDJLBED91KCMM,,,,1221,
1222,5442,JN2K7LJR3K389IGG,,,London,1222,UK
1223,5444,TDR7ABGEF21T4OTK,,,Eastern Time (US & Canada),1223,
1224,5445,598B1HFG4G6N04J2,,,Baghdad,1224,Iraq
1225,5446,4HCIJEGG4JRFPL40,,,Pacific Time (US & Canada),1225,
1226,5447,BI09CDEPJ8TPK6M2,,,Rome,1226,Italy
1227,5449,FTRQPT2NSKNEKRMJ,,,,1227,
1228,5454,6KGPMIJ1KAFGEEFL,,,Pacific Time (US & Canada),1228,
1229,5460,GMJNEERI1REOCP16,,,Eastern Time (US & Canada),1229,
1230,5461,Q7A45P8SAB463L6M,,Wherever the van/bus takes me,Pacific Time (US & Canada),1230,
1231,5466,JM0K4H81CB6A1OG0,,,Athens,1231,Greece
1232,5467,4DLQL3KBMNJ39D3G,,,Ljubljana,1232,Slovenia
1233,5474,DQEQBQ2M5M3RPCFC,,,Pacific Time (US & Canada),1233,
1234,5487,B631R3NOLIJF0932,,,Pacific Time (US & Canada),1234,
1235,5488,7DKPD60NP1I86I5K,,,Santiago,1235,Chile
1236,5492,IOH3F7K13FP77H8M,,,Pacific Time (US & Canada),1236,
1237,5499,38EAKBC4N1TP540E,,,Eastern Time (US & Canada),1237,
1238,5502,16E6OGP7K77RA5IM,,,Atlantic Time (Canada),1238,USA
1239,5503,39M7EH70TILFQR9E,,,New Delhi,1239,India
1240,5510,7BKDDCF39RS7OF9E,,,Casablanca,1240,Morocco
1241,5522,N7BG8AI1O3824A4J,,,Wellington,1241,New Zealand
1242,5523,M2E7BE3AQRHC5Q15,,,Pacific Time (US & Canada),1242,
1243,5524,T38ON8NCMPO0L544,,,Mexico City,1243,Mexico
1244,5525,TQAO700I9M14B559,,"#ExpoWest: March 7-11, 2018",Mountain Time (US & Canada),1244,USA
1245,5536,34IS2OJ394CLBKS0,,,Pacific Time (US & Canada),1245,
1246,5545,DE5AT430LAHIHGK5,,,Greenland,1246,Greenland
1247,5547,JCPRJFTMBKKJ0Q1L,,,Eastern Time (US & Canada),1247,
1248,5551,ESNE7CJCNO86L325,,,,1248,
1249,5552,RETP15IHOF2BCHO0,,,,1249,
1250,5557,DRIFEC8L4MAIJPR3,,,,1250,
1251,5560,2N5NDP1NAK78OPID,,,New Delhi,1251,India
1252,5562,FGTK5FRED1JTM5N6,,,Hong Kong,1252,Hong Kong
1253,5566,AAROJTHBF745P9R2,,,Dublin,1253,Ireland
1254,5569,LHLNTROC1Q444OLK,,,Tokyo,1254,Japan
1255,5570,DA3AIBGLLRBLPA6T,,,,1255,
1256,5575,0NR9B65QTT1J0DN1,,,Madrid,1256,Spain
1257,5576,NJRBE7648DRBSCEG,,,,1257,
1258,5577,IG3720KNI4DSFDNS,,,Athens,1258,Greece
1259,5590,854FPN2C3EE0Q5TL,,,Eastern Time (US & Canada),1259,
1260,5594,95LFD9SNLRKKN1O5,,,Caracas,1260,Venezuela
1261,5596,3JKAD9K7SB9C10OP,,,,1261,
1262,5598,6BSO0NF4NO9709IM,,,,1262,
1263,5601,INQ2SGFIJ7G7TEBK,,,Central Time (US & Canada),1263,USA
1264,5610,7ANIPNODFMB2NLOC,,,Istanbul,1264,Turkey
1265,5611,N5NP27GJ5R0SDERI,,,Hawaii,1265,USA
1266,5615,CQ8EB8OSBJ8GONBO,,,,1266,
1267,5618,GJ7OO4ED14T7NPON,,,Eastern Time (US & Canada),1267,
1268,5619,HC673ABRDT6QNK7G,,,Pacific Time (US & Canada),1268,
1269,5623,BCBJB7BME44B8P5T,,,Istanbul,1269,Turkey
1270,5625,BL6TFM69S2NM16RM,,"New Iberia, LA to Houston, TX",Hawaii,1270,USA
1271,5643,DL5A0KN8D66CF6SF,,,Central Time (US & Canada),1271,USA
1272,5645,G485EOO7157RK354,,little bit of everywhere ,Belgrade,1272,Serbia
1273,5657,DMKLM2TM6HJKH6IO,,Instagram: Adabiat,Cairo,1273,Egypt
1274,5660,0PK31FSTF2MLO7RB,,,Athens,1274,Greece
1275,5665,MA5G19AF05IP4KE4,,,Istanbul,1275,Turkey
1276,5680,6D14H7R8TEMSGKHO,,,Pacific Time (US & Canada),1276,
1277,5681,TH8POHRBH3BT3QAJ,,"Miami, New York",Atlantic Time (Canada),1277,USA
1278,5683,QGA1S7EQDTQJ77IK,,,,1278,
1279,5705,8R68OGE1N200ROL1,,,Eastern Time (US & Canada),1279,
1280,5718,OPHA3TH2SB6D773I,,,Eastern Time (US & Canada),1280,
1281,5730,TJSTGSCA12I8EKS8,,,Madrid,1281,Spain
1282,5732,B462BJBNDMC23B8N,,,Pacific Time (US & Canada),1282,
1283,5733,2Q8PNEDH04HJ6910,,,,1283,
1284,5736,BEL91NCFB8QR5LB0,,LOS SCANDALOUS ,Pacific Time (US & Canada),1284,
1285,5737,1RP2S6R8SPB4CAJ1,,,Central Time (US & Canada),1285,USA
1286,5741,F3FKKB4IPMBBR0H1,,,Buenos Aires,1286,Argentina
1287,5743,917SFQI46CFQ753S,,,UTC,1287,USA
1288,5759,JMTG6BB26C9J0MCG,,,Mumbai,1288,India
1289,5773,PDKO5T3LN8QAAGRS,,,,1289,
1290,5778,I0C7H845M9BBN9SB,,,,1290,
1291,5783,N83B6JM8CCTRL790,,,Tokyo,1291,Japan
1292,5793,AK8FD7423II9FFBC,,,Quito,1292,Ecuador
1293,5797,K2NPL3QOD9TT42KC,,,Berlin,1293,Germany
1294,5801,8HLFQOR506L3OGP5,,,New Caledonia,1294,New Caledonia
1295,5805,J10JIJ6B6BTCEPT1,,,Pacific Time (US & Canada),1295,
1296,5806,HD6GIBNJDGJ0PRM2,,,Harare,1296,Zimbabwe
1297,5807,Q0KMPMSTFQD4T4K3,,,,1297,
1298,5810,0965SRAS2MC2ESMN,,,London,1298,UK
1299,5813,P35S2MFJ5H6CK648,,,,1299,
1300,5823,E1Q4Q274CL1DDISE,,,Madrid,1300,Spain
1301,5825,84AI5D7D0OBKQ80O,,,Pacific Time (US & Canada),1301,
1302,5836,68IIQDC86G1RRKNP,,,Pacific Time (US & Canada),1302,
1303,5840,RD5QT75HFTDOBKSS,,,Pacific Time (US & Canada),1303,
1304,5858,MRLIGDQO7OEMNO08,,,,1304,
1305,5860,C8ADJQ1BMCCR61KN,,,Eastern Time (US & Canada),1305,
1306,5874,96I4OQ4DJ58D035B,,,Eastern Time (US & Canada),1306,
1307,5879,7AKI56PTQC322N44,,,Pacific Time (US & Canada),1307,
1308,5880,HTTFP8RSNL8N56G7,,,Tokyo,1308,Japan
1309,5881,M82HI9BH4G7T6F6T,,,Eastern Time (US & Canada),1309,
1310,5887,0GREOBQ4PG4JFF3B,,,Taipei,1310,Taiwan
1311,5891,K4DDJIP2P02E4JNE,,,Pacific Time (US & Canada),1311,
1312,5893,F5RIPSFHST5ECMIE,,,,1312,
1313,5895,D7EH11NANI1B9I43,,,Central Time (US & Canada),1313,USA
1314,5902,QMR75B8O4DQNKNGO,,,London,1314,UK
1315,5912,KE8I6ERCR6JCHBST,,Atrapado en la Zimbabwe de LA,Caracas,1315,Venezuela
1316,5914,EE37P4LHGLIPHN61,,,Istanbul,1316,Turkey
1317,5920,I3PDP13BFHAQ6BH8,,,Paris,1317,France
1318,5924,AD20288QHJN9SJR5,,,,1318,
1319,5929,EDCAA17P9HD9KIH3,,,,1319,
1320,5943,PNSR8N72C1TTGJE4,,,Adelaide,1320,Australia
1321,5947,JBBJJJOAHCM0SSD5,,,Arizona,1321,USA
1322,5958,3E6GTID50ILAQF3H,,,Eastern Time (US & Canada),1322,
1323,5960,FQCFSK0CSKBIN1AN,,Miami Beach / NYC,Eastern Time (US & Canada),1323,
1324,5968,58T8RAEGPOCHAGFR,,,Amsterdam,1324,Netherlands
1325,5970,7LELAM5841SP8BSL,,,Riyadh,1325,Saudi Arabia
1326,5973,6RMA5MOL17IFJBP9,,,Pacific Time (US & Canada),1326,
1327,5977,6K0G9252B5BD3TMJ,,,,1327,
1328,5988,77LDEK2S56P9R89D,,,London,1328,UK
1329,5991,SJ264BALJMOFFPJO,,,,1329,
1330,5992,3Q94Q6O586A2F9F4,,,Central Time (US & Canada),1330,USA
1331,6022,B70HRK5A4QTRNJBR,,,London,1331,UK
1332,6030,HSCF96T801IDJHR1,,,Pacific Time (US & Canada),1332,
1333,6031,NL8NK8958R6OIKEE,,,Pacific Time (US & Canada),1333,
1334,6034,A83CT3K3FN1QDJ73,,NY/LA,Pacific Time (US & Canada),1334,
1335,6036,5ADJO4QITP0O8RDD,,,,1335,
1336,6040,DIS8HC6KJLJFMEJ3,,,Amsterdam,1336,Netherlands
1337,6041,4N6AAOLDFF8J914H,,,Central Time (US & Canada),1337,USA
1338,6043,CDH2R5MT7CPD0TNQ,,,Santiago,1338,Chile
1339,6053,7OS4GA53OHILQF4C,,Wherever my heart takes me.,,1339,
1340,6055,BO015R17DSB82NTF,,,Pacific Time (US & Canada),1340,
1341,6056,NT4F9HO1HPNQNB46,,üôèüèæA STATE OF GRATITUDEüôèüèæ,Pacific Time (US & Canada),1341,
1342,6070,I04OCGKCL5NPNG7L,,,Atlantic Time (Canada),1342,USA
1343,6072,JM1L1SGCM9H3BQ32,,www.fabulousmuses.net,Greenland,1343,Greenland
1344,6076,43T6PEN71L07K9F4,,"+6222, +6221",Pacific Time (US & Canada),1344,
1345,6077,7AFCAI9D6O1ALT2L,,,Caracas,1345,Venezuela
1346,6089,HSNKLQKS5DOP1N7P,,,Eastern Time (US & Canada),1346,
1347,6091,AAI35NE3P5E2QJCC,,,Eastern Time (US & Canada),1347,
1348,6092,03D75M3DL60QPNK6,,,Jakarta,1348,Indonesia
1349,6095,MG3PTD9077R8M711,,,Eastern Time (US & Canada),1349,
1350,6098,AT2SAP1BHKOPJTRS,,,Brasilia,1350,Brazil
1351,6099,FODKSHMBMI0754ST,,,Amsterdam,1351,Netherlands
1352,6103,DEOIDHE6SH7MC4J8,,Where in the world are you?,Pacific Time (US & Canada),1352,
1353,6106,2P6R9NOC0QKB3M75,,,,1353,
1354,6107,J55BCN7PC85PGND1,,,Abu Dhabi,1354,Abu Dhabi - United Arab Emirates
1355,6111,R9B8LP971SCI2QOL,,,Kuwait,1355,Kuwait
1356,6118,3Q6QKD8L1QHGLE98,,,Istanbul,1356,Turkey
1357,6121,AM59TFI6C2J68LPB,,,Central Time (US & Canada),1357,USA
1358,6127,GG4N8KRJH34GSSSB,,,Eastern Time (US & Canada),1358,
1359,6130,2SM58TMHON7GPR84,,,Eastern Time (US & Canada),1359,
1360,6133,BF9S9D45M69NI7MF,,,Brasilia,1360,Brazil
1361,6139,HJD3QH4GFEKR3MON,,,Irkutsk,1361,Russia
1362,6144,7NN8S910CNENOREG,,,Tokyo,1362,Japan
1363,6145,GPSE23PGGDH74AB9,,,,1363,
1364,6151,0AP2RPD41OLA6AI7,,,Pacific Time (US & Canada),1364,
1365,6152,M5IM6BSGL4G66P7C,,,Eastern Time (US & Canada),1365,
1366,6153,RB1AGE63A6M7S18D,,,Vienna,1366,Austria
1367,6154,1J91JDONAJOQN0N5,,,London,1367,UK
1368,6155,RBFOEQ1DAO7HHA67,,,Istanbul,1368,Turkey
1369,6156,2K0245FOJ632QTJB,,,Pacific Time (US & Canada),1369,
1370,6157,HIMOE86PFA5O32LM,,,,1370,
1371,6159,S6SANORMF97OAF9K,,,Mountain Time (US & Canada),1371,USA
1372,6162,28E1T6AO4RME63LD,,,Pacific Time (US & Canada),1372,
1373,6167,FME3K0IADD05FHD9,,,,1373,
1374,6176,GIB3EDHJPKNMTMC5,,,Pacific Time (US & Canada),1374,
1375,6177,6TFC9J05JIG2GMOH,,,Istanbul,1375,Turkey
1376,6181,M1P4707Q42PS54M3,,,Jakarta,1376,Indonesia
1377,6190,P9PMD3DP8B6JKPD8,,,Mumbai,1377,India
1378,6198,2TDB6801FMP65G72,,,Brasilia,1378,Brazil
1379,6207,58LC858713CG3MG6,,,Eastern Time (US & Canada),1379,
1380,6209,S6972LE1A3RPCLLP,,,Central Time (US & Canada),1380,USA
1381,6215,0DTQK2RAGICOQ6LI,,,Amsterdam,1381,Netherlands
1382,6216,JGAAN5P1TG217HO6,,Informes 2844211,Bogota,1382,Colombia
1383,6221,TG9RS4N21PSKEPEJ,,,Eastern Time (US & Canada),1383,
1384,6245,0LQI4DOTGM7REPR4,,,Amsterdam,1384,Netherlands
1385,6247,C1LA2A0N8GGOA26A,,,Pacific Time (US & Canada),1385,
1386,6249,95CKAS2F89NKJPL0,,„Ç∞„É™„É¢„ÉØ„É´,Pacific Time (US & Canada),1386,
1387,6254,ST33PCB4I29KTOC9,,,Istanbul,1387,Turkey
1388,6256,NTG341E3H5LKQNQQ,,,Pacific Time (US & Canada),1388,
1389,6258,MDKGTOS63C9FG6Q2,,,Eastern Time (US & Canada),1389,
1390,6263,6CHO81DLSC1REK91,,,Eastern Time (US & Canada),1390,
1391,6266,2LLMQSB16AJF4I19,,,Casablanca,1391,Morocco
1392,6273,QF00E2CPBMT5BSBO,,,Eastern Time (US & Canada),1392,
1393,6274,GD0MPF4H6KCF6LP0,,,Central Time (US & Canada),1393,USA
1394,6280,588P6306M5HTSSRK,,,Eastern Time (US & Canada),1394,
1395,6282,0S25TF8LFEMC0A50,,,London,1395,UK
1396,6289,LEQ0F5795HBK1JAM,,,London,1396,UK
1397,6307,20E7EBBSM9FAEQ92,,,Kuwait,1397,Kuwait
1398,6309,N3TB0O9J2M6HC3OT,,Liverpool or Los Angeles ,,1398,
1399,6316,527J1FJIS27LJNNO,,,Santiago,1399,Chile
1400,6318,SP420DRD5A4ENB9D,,,Eastern Time (US & Canada),1400,
1401,6319,58FC8NF1FEEP1M0G,,,Eastern Time (US & Canada),1401,
1402,6320,0EJO5JTES258ABI8,,,Eastern Time (US & Canada),1402,
1403,6323,K4A3D6QNK39QSK48,,,Paris,1403,France
1404,6333,RMOIM8N4DQJA84M0,,,Hawaii,1404,USA
1405,6344,CA4251JT144F7OHM,,,,1405,
1406,6350,IT83P85HQOSFDIFQ,,,Santiago,1406,Chile
1407,6368,8G985L9H2C4BJM3R,,,Karachi,1407,Pakistan
1408,6369,RCKDP8ATCMKB3KEJ,,,Paris,1408,France
1409,6370,OSDLOOT59PGS42QP,,,Istanbul,1409,Turkey
1410,6379,PD0DQHL89JTMP4RA,,Los Angeles and NYC,Pacific Time (US & Canada),1410,
1411,6381,3IAOE2C7406OS0PM,,,Pacific Time (US & Canada),1411,
1412,6389,DI7M6GB3S51959DH,,,Seoul,1412,South Korea
1413,6391,ETLQK341JD52OKRK,,,Amsterdam,1413,Netherlands
1414,6393,H9D2JSN6CH4C1N3G,,,Baghdad,1414,Iraq
1415,6395,8K27894LNT5F8704,,,Athens,1415,Greece
1416,6399,S70RJK57TIT564RP,,,Baghdad,1416,Iraq
1417,6405,S1PK5AJL6DI02O3S,,,Paris,1417,France
1418,6406,SO1HAECEHE6M81P1,,,Hawaii,1418,USA
1419,6408,RN37BSEPBE6Q686L,,,Jakarta,1419,Indonesia
1420,6416,A81EP3CGINQ9A91M,,,Paris,1420,France
1421,6418,RTB48ENTPAAT1QL4,,,Chennai,1421,India
1422,6424,1J398PF6BP8R7OHT,,,,1422,
1423,6431,FA4BKG6EK9HC9B1H,,,Amsterdam,1423,Netherlands
1424,6434,8QGE9DH522R84EBK,,,Central Time (US & Canada),1424,USA
1425,6445,1GQ26RP0SFF7F1PN,,,Central Time (US & Canada),1425,USA
1426,6460,Q2MSAEA4QAB0PSMA,,,Central Time (US & Canada),1426,USA
1427,6462,ADHTQD1B6QD1KF16,,,Buenos Aires,1427,Argentina
1428,6470,L1P2JKAFQLHAAL1L,,,Quito,1428,Ecuador
1429,6472,P4EOM55F7ETJOCMJ,,behind you. ,Atlantic Time (Canada),1429,USA
1430,6479,46CD36E967KSIC8T,,,Greenland,1430,Greenland
1431,6485,LI3BS1T1BNFIQDMD,,,Pacific Time (US & Canada),1431,
1432,6488,1CQ5AJO7LAJ7S6DD,,,Mexico City,1432,Mexico
1433,6489,4IG0TS72GE9SJNL4,,,Warsaw,1433,Poland
1434,6500,GOKRFJ3RPL5OAI94,,,Eastern Time (US & Canada),1434,
1435,6503,6HB87LIIRNQIFI54,,,Hawaii,1435,USA
1436,6504,55K05J5CGD2D921E,,011 48437302,Buenos Aires,1436,Argentina
1437,6507,299L5613Q7BJB38Q,,,Buenos Aires,1437,Argentina
1438,6508,M4GGK3036MQODKI2,,Colorland,Pacific Time (US & Canada),1438,
1439,6511,4A7SEO3K4EOTK86I,,,Brasilia,1439,Brazil
1440,6515,N800BGLNT8SFQ520,,,Mumbai,1440,India
1441,6518,0D1481M3DO3KKO36,,,,1441,
1442,6522,9QLPGP8365PBDRK6,,,Rome,1442,Italy
1443,6533,1MTJ4TEBET16DJHS,,CONTACTO@MARLENOLIVARI.CL ,Santiago,1443,Chile
1444,6542,974SA0HRFA7J6AB7,,,Pacific Time (US & Canada),1444,
1445,6549,RO9OQTEJO0345FTA,,,Pacific Time (US & Canada),1445,
1446,6556,I9E4D04K6LOORCQL,,,Central Time (US & Canada),1446,USA
1447,6560,M5AS2MJDOP0HJ1MD,,,London,1447,UK
1448,6562,ECQHP0CBHDIFG3E6,,,,1448,
1449,6565,RHS99BI5LMNH2B4T,,,Quito,1449,Ecuador
1450,6567,RHK1DGM01PTB46LL,,,Brasilia,1450,Brazil
1451,6569,R3IHGB4HS6IHIMOL,,,,1451,
1452,6570,EP545J7COQ0454SI,,Evita el Exceso,Eastern Time (US & Canada),1452,
1453,6573,TAKHB3KB4JEPS7E2,,,Central Time (US & Canada),1453,USA
1454,6574,SABAB5O65CB1ATHG,,40¬∞46‚Ä≤11N 73¬∞57W,Central Time (US & Canada),1454,USA
1455,6591,35Q81AB4TENSB466,,,Athens,1455,Greece
1456,6601,T9QAFOJO3D38FKQM,,,Pacific Time (US & Canada),1456,
1457,6606,D70DM9OLO5NKHPFS,,,London,1457,UK
1458,6608,F9TK753BRSF53F4O,,,London,1458,UK
1459,6613,SMLC5DMEMNG6HGFF,,,Eastern Time (US & Canada),1459,
1460,6616,BKFJ6FE2QELE96O8,,,Eastern Time (US & Canada),1460,
1461,6623,6C0LONDMJ2KTO4BQ,,Instagram: @v_concepcion,Pacific Time (US & Canada),1461,
1462,6635,BSTC2P4R1GR6JMPH,,509 4079 8965. - 1 617 365 2929,Eastern Time (US & Canada),1462,
1463,6640,G8OPLTGB33PS4TE0,,,Moscow,1463,Russia
1464,6652,TEEED4000AS54HJT,,üá®üá¥ - üá≤üáΩ - üáµüá¶ - üáªüá™,Caracas,1464,Venezuela
1465,6653,3M9NFNFHK32KMJQ9,,,Central Time (US & Canada),1465,USA
1466,6654,3DA4PI8PIAEPAQJM,,,Almaty,1466,Kazakhstan
1467,6660,K62LTN55DRO1GC8S,,,Hawaii,1467,USA
1468,6677,O49E25DHK32JL7AN,,,Atlantic Time (Canada),1468,USA
1469,6681,47L3R29JO10HHRLO,,,Irkutsk,1469,Russia
1470,6683,PH4MF608A20O66F9,,,Istanbul,1470,Turkey
1471,6688,F0PFMTGKS3QA6GBP,,,New Delhi,1471,India
1472,6689,OTH90B9PP9I7E438,,,,1472,
1473,6693,06M0SB5SCQ6K3SL7,,,Cairo,1473,Egypt
1474,6695,25P7BDHS3JLC03E7,,,Abu Dhabi,1474,Abu Dhabi - United Arab Emirates
1475,6697,CMPEI3J82NNS2RPQ,,,Mexico City,1475,Mexico
1476,6701,Q2HAAM74O8GR8C0N,,,Mountain Time (US & Canada),1476,USA
1477,6705,S520542E9CFSTECF,,,Paris,1477,France
1478,6708,3A5M1H2CSIBOPDEE,,,Central Time (US & Canada),1478,USA
1479,6710,MDBTL0JD3A0O3OQ9,,,Pacific Time (US & Canada),1479,
1480,6711,8HHS2SM0LMGM8073,,,,1480,
1481,6713,G65A7RL1JIQIB2B0,,,Casablanca,1481,Morocco
1482,6714,L1HKRA9OLFPRDQE1,,Weeknights 11:35/10:35c,Central Time (US & Canada),1482,USA
1483,6718,NHEHEE5RE66AOATL,,,Paris,1483,France
1484,6719,JE0TEJLRC153APFI,,,Brasilia,1484,Brazil
1485,6728,TDISHTHQFO4INGI4,,,Pacific Time (US & Canada),1485,
1486,6731,RPB10RRG96GSMGQ8,,,Pacific Time (US & Canada),1486,
1487,6737,4MO21SDOL1R8HJCI,,Isabel la Cat√≥lica 26,Mexico City,1487,Mexico
1488,6740,M432K1G1MRHESF2B,,,Eastern Time (US & Canada),1488,
1489,6755,04ASK3LCM8KDN5HH,,,Kyiv,1489,02000
1490,6762,GR79T8DBJDN6DF63,,,London,1490,UK
1491,6769,Q06NMP4P7ER016CM,,,Mumbai,1491,India
1492,6772,PHTDRS006KNS1GR5,,,Amsterdam,1492,Netherlands
1493,6773,92MT8IAE2OA744FI,,,Pacific Time (US & Canada),1493,
1494,6785,Q4S6964255R1JTI0,,,,1494,
1495,6786,8FBHLR28S0HTLTHQ,,,Pacific Time (US & Canada),1495,
1496,6788,ILLPOAHI1TQK0H3P,,,Greenland,1496,Greenland
1497,6789,JHK1CA65NHLC14RO,,,Arizona,1497,USA
1498,6790,S7R1JGGEN1C8CE2I,,,Alaska,1498,USA
1499,6800,IHCGSCHHQ1RBP7CP,,,Bern,1499,Switzerland
1500,6805,G5598BCJ0NN83S50,,,Quito,1500,Ecuador
1501,6806,FQRGHHE9L7MM11G5,,CP: 085310802658,Kabul,1501,Afghanistan
1502,6809,51EFA2L5M18H49K3,,,London,1502,UK
1503,6816,JDO6PLPHJJCM1KE5,,,Eastern Time (US & Canada),1503,
1504,6835,HO34NDEI004IPGFF,,beli online di nutrimart.co.id,Jakarta,1504,Indonesia
1505,6837,9RG8J3G634N0GHAB,,,,1505,
1506,6838,PK3BB81ECT4T7F2E,,,,1506,
1507,6847,CRI6JG234O2RFDOJ,,,Quito,1507,Ecuador
1508,6855,KELKNSO1F3FHSPAO,,,Seoul,1508,South Korea
1509,6857,I1PR50IA93DT1FA8,,,Pacific Time (US & Canada),1509,
1510,6861,ED918ROQ7CS50K3L,,Arena Legendaria | #SuperligaOrangeCR,Pacific Time (US & Canada),1510,
1511,6863,3GQ7FQHLQC7H60TT,,,Madrid,1511,Spain
1512,6872,ME3PGH3JH7H4SMA1,,Running along the rooftops,Pacific Time (US & Canada),1512,
1513,6877,TGN33AQK7I92N2P1,,,Caracas,1513,Venezuela
1514,6878,QMM6H0G7G5L7T6G6,,,Eastern Time (US & Canada),1514,
1515,6884,THLGO9J7SLC4A7D0,,,Pacific Time (US & Canada),1515,
1516,6885,8O6AMQ4S0L8THARC,,,Madrid,1516,Spain
1517,6888,EN66GS00D0E3MG79,,,Pacific Time (US & Canada),1517,
1518,6889,CN98P3MTQL7HQ2L8,,,,1518,
1519,6894,LSPKN43TO7A7NENL,,,Paris,1519,France
1520,6898,12STHOPEDDTBS5JM,,"iPhone: 0.000000,0.000000",Brasilia,1520,Brazil
1521,6911,8AB3DBCB4L6KRDQ5,,@NewsHour about my Twitter:,Atlantic Time (Canada),1521,USA
1522,6914,O820G63ALAI4FTDR,,ŸÑÿß ÿ£ÿ≠ÿØ ŸäŸÖŸÑŸÉ ÿßŸÑÿ≠ŸÇŸäŸÇÿ© ÿßŸÑŸÖÿ∑ŸÑŸÇÿ©,Cairo,1522,Egypt
1523,6917,3MS50LNDI26C856B,,,West Central Africa,1523,Central Africa
1524,6921,P1LB70DL4P1F3ETI,,,Chennai,1524,India
1525,6924,4BI0C744I6IGELLT,,,,1525,
1526,6938,EJOOHKGFGA0749AF,,,Amsterdam,1526,Netherlands
1527,6943,B113884AATLNCIR0,,#EnergiaSurreal,Brasilia,1527,Brazil
1528,6951,017F79JI0TACM39K,,,Madrid,1528,Spain
1529,6953,HQ3KL2JM92S3S4PO,,,Istanbul,1529,Turkey
1530,6956,2ML11OA4P515GOCR,,,Quito,1530,Ecuador
1531,6961,C4A024ON38805466,,,Hawaii,1531,USA
1532,6964,77H761M4SP93S6ML,,,Jakarta,1532,Indonesia
1533,6966,26NK0DTMM7GF5H7J,,,Pacific Time (US & Canada),1533,
1534,6968,MIAB9JMTOC83M285,,,,1534,
1535,6969,82959C7CMGT5CQPT,,,Amsterdam,1535,Netherlands
1536,6970,A8EG0N93KAQJ9DI0,,,London,1536,UK
1537,6982,1FO0MCOJN708P3FT,,,Central Time (US & Canada),1537,USA
1538,6983,BIRSML183EOJTL3N,,,Rome,1538,Italy
1539,6985,GO776593CISCRQTC,,,Bogota,1539,Colombia
1540,6988,FNJG8ETOK6SJJRMM,,,Pacific Time (US & Canada),1540,
1541,7001,G9GAQSE8SOGPMQL4,,,Tokyo,1541,Japan
1542,7005,QI81FRD3BAOIBKEO,,,London,1542,UK
1543,7009,ESACG5SN50SOQTKS,,,Central Time (US & Canada),1543,USA
1544,7012,22AT0L79I803HE41,,,Sydney,1544,Australia
1545,7026,RPJ7BEK6P6R51TI1,,,Pacific Time (US & Canada),1545,
1546,7028,QAFMJPDCBQC9R15O,,,,1546,
1547,7034,H4DD24RBI8M73R91,,,Berlin,1547,Germany
1548,7038,D92REDB9HH58IG78,,,Pacific Time (US & Canada),1548,
1549,7042,GC8N061PQEM3R284,,,,1549,
1550,7046,A68JQ27L2DL4A374,,,Madrid,1550,Spain
1551,7052,G4E234P0AML236SI,,,Tokyo,1551,Japan
1552,7053,LIO5PSP3N1FPCS1J,,,,1552,
1553,7056,S64CQR6TCIQS2DJC,,,Pacific Time (US & Canada),1553,
1554,7057,1L7DF157JK8G6RS4,,,Eastern Time (US & Canada),1554,
1555,7065,1JRD8F7OHNEBO31M,,,Warsaw,1555,Poland
1556,7066,GEQCI65EACA0NBBH,,,Hawaii,1556,USA
1557,7070,LARFJJ8RSTL8B1DK,,,Alaska,1557,USA
1558,7074,DNNI6JB852I99Q8O,,,Brisbane,1558,Australia
1559,7077,PT1M5DIR8SBF24N4,,,Tokyo,1559,Japan
1560,7079,D850J21HKN3IRRAG,,,Eastern Time (US & Canada),1560,
1561,7091,OLJJGC9DK7RR2C5H,,,Athens,1561,Greece
1562,7092,GP23T8C09ESSPRFH,,PowerT√ºrk √ñnce M√ºzik,Istanbul,1562,Turkey
1563,7095,S1DN3IS2GB2PAB4E,,,Bern,1563,Switzerland
1564,7099,AHE6EF3OHD3MAECQ,,IG: great_run,London,1564,UK
1565,7101,RTA0AT2GEDJKQC5G,,,Pacific Time (US & Canada),1565,
1566,7104,PKHFRT38NCKGRFF2,,Del Boca Vista - Phase III,Eastern Time (US & Canada),1566,
1567,7107,D2H9985H8OGK3QMB,,@billyeichner on instagram ,Eastern Time (US & Canada),1567,
1568,7108,KO23PJGAP0G5ECIR,,,Hawaii,1568,USA
1569,7114,36RDFC5QRTEO4FKO,,,,1569,
1570,7115,1IS3NACHA7LTKQ52,,,Paris,1570,France
1571,7116,PE88623026BHEJ05,,,Santiago,1571,Chile
1572,7117,FDQBN44G2P3DK7NM,,,Istanbul,1572,Turkey
1573,7121,OG5ICPF00GR8NTSA,,.,Riyadh,1573,Saudi Arabia
1574,7123,LK2E95MJDS1I19AM,,,Copenhagen,1574,Denmark
1575,7125,D3K9AEG0RI93KIPR,,,Central Time (US & Canada),1575,USA
1576,7130,LDPJJ771JHRTMBJ6,,,,1576,
1577,7150,ITNH41HKA6BBARKE,,Âú∞ÁçÑ(„Çπ„ÇØ„Ç¶„Çß„Ç¢„Éª„Ç®„Éã„ÉÉ„ÇØ„Çπ),Tokyo,1577,Japan
1578,7159,IE0R2ADBL8HG8J88,,,Rome,1578,Italy
1579,7160,DP0DTMK14GB49L39,,,Istanbul,1579,Turkey
1580,7161,1A6KREJ08ALCN6E9,,"25th, 26th & 27th May 2018",London,1580,UK
1581,7187,RST0RGFT7OJ9CEEG,,,London,1581,UK
1582,7190,PF5QRNOR5L2EE1T9,,,Hong Kong,1582,Hong Kong
1583,7199,MD9DO52T52LCBELO,,,London,1583,UK
1584,7200,NE2JM7ODRTI3PBRG,,,,1584,
1585,7203,6B8QCL8MF20O5T0T,,,Alaska,1585,USA
1586,7208,KNTKN5B5SJRCRJSS,,,Eastern Time (US & Canada),1586,
1587,7209,8T105EKMRLLJ8DLQ,,,Copenhagen,1587,Denmark
1588,7215,BDAM7BG0FN50B4C1,,,Alaska,1588,USA
1589,7216,OO9TNBOBP34BGFFM,,,Pacific Time (US & Canada),1589,
1590,7226,6GHA0NOETSEHAJDT,,,Eastern Time (US & Canada),1590,
1591,7227,4MMP4OH1Q5PI2Q50,,,Pacific Time (US & Canada),1591,
1592,7228,FT62SFSM69C10IDN,,,,1592,
1593,7230,H7LA38LCJJRO29GR,,,Caracas,1593,Venezuela
1594,7240,KROJS0BGS4B5113A,,,,1594,
1595,7241,I69ECJSRJR1A6276,,SoniQ in my Heart ,Jakarta,1595,Indonesia
1596,7245,BT66476H9QMNMQT7,,,Jakarta,1596,Indonesia
1597,7247,GEJ44L6J2A736F82,,,Pacific Time (US & Canada),1597,
1598,7257,JIATQGS12EBF0NLP,,,Pacific Time (US & Canada),1598,
1599,7264,8RTDJ7L50I1EHFIB,,Rezalways hearts,Midway Island,1599,United States
1600,7269,6S3JLA0TO4ITJ8JQ,,,London,1600,UK
1601,7302,72OJMSLCOOCDF7KG,,,New Delhi,1601,India
1602,7309,KLF08OIM9QR28BEH,,,Madrid,1602,Spain
1603,7312,IACPSJ6S33SNI760,,,Rome,1603,Italy
1604,7313,B74HPO74MDK16ADA,,,Eastern Time (US & Canada),1604,
1605,7317,C5F8RFMNGF9KCDO5,,,Hawaii,1605,USA
1606,7318,107F6TGDPQQSRJ4P,,,Alaska,1606,USA
1607,7321,D9CCRELB212KGJQB,,Dios conmigo y nadie contra mi,,1607,
1608,7322,1JJPJM334K04TINO,,,,1608,
1609,7324,DTM4PH0TLN847336,,,Hong Kong,1609,Hong Kong
1610,7328,MSEGO14J7L43QS0J,,,London,1610,UK
1611,7330,TOTCL7SBIIFAI090,,,Tokyo,1611,Japan
1612,7336,JFMDT1R97P246LBB,,,Santiago,1612,Chile
1613,7337,13D36RI62T6LORCN,,,Mexico City,1613,Mexico
1614,7341,6CRF1ETASASL34D7,,,Pacific Time (US & Canada),1614,
1615,7345,SOD9OBNGIBC6RF24,,,Tehran,1615,Iran
1616,7349,21JQ3D0QCR7K6L0G,,,,1616,
1617,7350,Q44R3G23D4HBCNRL,,,Istanbul,1617,Turkey
1618,7351,07DALQH8APL71HPO,,,Hong Kong,1618,Hong Kong
1619,7353,5ACGT085845QHR3J,,,Pacific Time (US & Canada),1619,
1620,7357,4O0J7EQHPAR88HNL,,,London,1620,UK
1621,7358,B1K8R3BM9J0F1AIR,,"119 stations, across the UK",London,1621,UK
1622,7363,J1KIQ1OB21LR4NTQ,,,Amsterdam,1622,Netherlands
1623,7365,AFAM8K6L4J60ESDS,,,Eastern Time (US & Canada),1623,
1624,7366,9PHHMOIBQNI6R00N,,,Atlantic Time (Canada),1624,USA
1625,7367,JS2595APKF080SNA,,,Pacific Time (US & Canada),1625,
1626,7371,P3Q5FLE9FN33D9SO,,,Athens,1626,Greece
1627,7388,2M37T56HLNP30G3D,,,London,1627,UK
1628,7391,5J186P8CONQTGD0S,,,Eastern Time (US & Canada),1628,
1629,7392,LKNHN1GKTNP4L4BE,,,Athens,1629,Greece
1630,7394,IJ0O6R4C0F802HQB,,,Central Time (US & Canada),1630,USA
1631,7395,AD1GNAMHI7481MH8,,,London,1631,UK
1632,7396,SSHHIEDTOFMADBM8,,,Pacific Time (US & Canada),1632,
1633,7397,4PC4B7PI3PNE5RRH,,,Amsterdam,1633,Netherlands
1634,7401,FI003KFD26TOL7L6,,,Eastern Time (US & Canada),1634,
1635,7404,EA29RKO06ESN3N9Q,,Worldwide - 133 countries,Eastern Time (US & Canada),1635,
1636,7411,GE6DCSLCRL3BDDGD,,,Eastern Time (US & Canada),1636,
1637,7415,H5RLOEO967O705KS,,INSTAGRAM larox07,Mexico City,1637,Mexico
1638,7417,2AST5FEFKQ94CIJF,,,Central Time (US & Canada),1638,USA
1639,7425,7SPJLJ3II3RS4Q22,,,Central Time (US & Canada),1639,USA
1640,7426,SB2OIPI46QCJJS6O,,,London,1640,UK
1641,7429,9JNE6NQKI2EF3HH1,,,Tokyo,1641,Japan
1642,7437,167K5OKJQCM9HMC9,,,Greenland,1642,Greenland
1643,7438,SA93PD111D4KGJBH,,,London,1643,UK
1644,7440,D18SA88AFRP6L5OC,,,Pacific Time (US & Canada),1644,
1645,7441,QG3TOADSMP950N25,,,,1645,
1646,7444,CIC8D4BBADKR8P68,,,Pacific Time (US & Canada),1646,
1647,7453,OQJRT8TOGESJOS3I,,,Eastern Time (US & Canada),1647,
1648,7456,SO98I7HKNO371CPS,,I'm livin' in my own world. ,Alaska,1648,USA
1649,7457,TL53SFMP6E5TOO7E,,,Pacific Time (US & Canada),1649,
1650,7465,LBC8G7S3GH8IJQN9,,,,1650,
1651,7470,GRP00QD10910ES5S,,,Quito,1651,Ecuador
1652,7473,621FJP17P3MH21NQ,,üåç‚úàÔ∏è,Quito,1652,Ecuador
1653,7479,GD88GRRGQDLL97D5,,,Eastern Time (US & Canada),1653,
1654,7494,QSFDKHOHMHRNGS65,,,Pacific Time (US & Canada),1654,
1655,7495,KP5DR7CTN8CNLG8P,,,Pacific Time (US & Canada),1655,
1656,7499,LLKNQ56IFCSSCOT6,,DM„ÅØË¶ã„Å¶„ÅÑ„Åæ„Åõ„Çì„ÄÇ,Tokyo,1656,Japan
